depth,branching,size,growth_30m,burstiness,label,event,root_id
5,5,10,3,0.0258,1,charliehebdo,552783238415265792
3,5,8,6,0.3913,1,charliehebdo,552783667052167168
1,5,6,4,0.0579,1,charliehebdo,552783745565347840
10,3,14,9,0.2704,1,charliehebdo,552784168849907712
5,10,17,15,0.3533,1,charliehebdo,552784526955806720
3,20,27,20,0.2863,1,charliehebdo,552784882687299584
2,8,11,2,0.2349,1,charliehebdo,552785367972450304
1,3,4,4,0.0187,1,charliehebdo,552785375161499649
1,10,11,5,0.0953,1,charliehebdo,552785443813457921
1,2,3,3,-0.733,1,charliehebdo,552785551930454016
2,3,5,4,0.2053,1,charliehebdo,552785695845396480
4,8,15,3,0.1573,1,charliehebdo,552786016906383360
2,17,21,16,0.6221,1,charliehebdo,552786099899494400
2,10,13,11,0.3895,1,charliehebdo,552786361758265344
2,12,14,12,0.4453,1,charliehebdo,552786818853113857
1,1,2,2,0.0,1,charliehebdo,552787231468191744
4,4,9,2,0.3102,1,charliehebdo,552787544837197824
1,1,2,2,0.0,1,charliehebdo,552787878351474688
1,2,3,3,-0.3927,1,charliehebdo,552788396733906944
12,10,61,35,0.4352,1,charliehebdo,552788886355996672
9,9,28,20,0.5839,1,charliehebdo,552788945017516032
1,3,4,3,-0.1222,1,charliehebdo,552788947219533824
1,6,7,7,-0.2004,1,charliehebdo,552789127792717826
5,11,33,17,0.3736,1,charliehebdo,552789521646247936
1,8,9,9,-0.195,1,charliehebdo,552790074166108160
0,0,1,1,0.0,1,charliehebdo,552790082533752832
1,13,14,10,0.3552,1,charliehebdo,552790371848040449
4,14,20,19,0.6017,1,charliehebdo,552790742700417024
7,14,25,14,0.0563,1,charliehebdo,552790824971677696
2,18,20,19,0.0883,1,charliehebdo,552790838015979520
1,5,6,4,0.0462,1,charliehebdo,552790875492073472
1,5,6,5,-0.0966,1,charliehebdo,552790878805168129
3,6,9,9,0.1141,1,charliehebdo,552791034447794176
2,7,9,9,0.0086,1,charliehebdo,552791065645027328
2,5,8,7,0.4017,1,charliehebdo,552791115599192064
2,13,17,10,0.3727,1,charliehebdo,552791182670327808
3,17,23,21,0.5534,1,charliehebdo,552791196247269378
2,17,21,14,0.2314,1,charliehebdo,552791578893619200
2,4,7,5,-0.3525,1,charliehebdo,552792193992519680
18,10,134,29,0.6891,1,charliehebdo,552792271243210754
6,4,18,6,0.189,1,charliehebdo,552792544132997121
2,6,9,7,0.2563,1,charliehebdo,552792802309181440
2,4,6,5,0.2683,1,charliehebdo,552792913910833152
1,17,18,12,0.4265,1,charliehebdo,552792988376915969
1,5,6,4,-0.0007,1,charliehebdo,552793539856588801
4,16,27,21,0.4725,1,charliehebdo,552793551231541249
19,12,173,68,0.7175,1,charliehebdo,552793552376569857
2,7,16,14,-0.104,1,charliehebdo,552793679082311680
12,4,25,13,0.5577,1,charliehebdo,552794157484634112
1,7,8,4,0.2217,1,charliehebdo,552794942759010304
1,5,6,5,-0.1481,1,charliehebdo,552795050502270976
2,2,4,4,-0.2105,1,charliehebdo,552795566242279424
1,4,5,2,-0.3262,1,charliehebdo,552795585095671808
1,8,9,8,0.1567,1,charliehebdo,552795693682032640
19,11,106,52,0.7299,1,charliehebdo,552795773180858368
2,14,16,5,0.1633,1,charliehebdo,552796091255894016
1,5,6,5,0.2996,1,charliehebdo,552796863297236992
2,15,20,15,0.3118,1,charliehebdo,552797406094716929
8,5,15,13,0.2654,1,charliehebdo,552797638807281664
3,14,25,23,0.5174,1,charliehebdo,552798654495354880
1,6,7,6,0.2119,1,charliehebdo,552798891994009601
6,9,22,9,0.2778,1,charliehebdo,552799062421164032
2,10,12,5,0.4484,1,charliehebdo,552799317602615297
3,8,11,10,0.346,1,charliehebdo,552799591255384065
3,10,13,7,0.4097,1,charliehebdo,552799640488517632
3,12,18,11,0.5645,1,charliehebdo,552800045096259584
1,11,12,6,0.3198,1,charliehebdo,552801438821515264
12,4,33,8,0.5274,1,charliehebdo,552801829290270720
4,4,9,6,-0.0185,1,charliehebdo,552801880812691456
1,2,3,3,-0.0381,1,charliehebdo,552801954733490176
2,10,12,12,0.1419,1,charliehebdo,552801958428700672
2,11,14,8,0.2651,1,charliehebdo,552802128688078848
8,15,30,30,-0.0487,1,charliehebdo,552802606696136705
2,6,8,7,0.347,1,charliehebdo,552802654641225728
2,15,17,10,0.5548,1,charliehebdo,552803839490150400
1,8,9,6,0.3475,1,charliehebdo,552804394727927808
1,3,4,1,-0.3309,1,charliehebdo,552804408233193473
0,0,1,1,0.0,1,charliehebdo,552804668951511041
1,4,5,5,-0.3023,1,charliehebdo,552804763461775360
1,9,10,8,0.3134,1,charliehebdo,552804839886184448
1,17,18,8,0.429,1,charliehebdo,552805267990413312
18,24,117,32,0.7429,1,charliehebdo,552805488631758849
2,12,14,8,0.2916,1,charliehebdo,552805596198871040
2,7,10,3,0.1687,1,charliehebdo,552805619301097472
1,1,2,2,0.0,1,charliehebdo,552805735885991936
1,3,4,4,0.0787,1,charliehebdo,552806117328568321
7,13,40,29,0.7034,1,charliehebdo,552806309540528128
2,11,13,9,0.4519,1,charliehebdo,552806757672964097
3,16,21,11,0.4623,1,charliehebdo,552806937470201856
2,19,24,13,0.3271,1,charliehebdo,552807027781947393
1,1,2,2,0.0,1,charliehebdo,552807210041212928
5,13,18,10,0.31,1,charliehebdo,552807528070131712
3,14,20,14,0.2299,1,charliehebdo,552807834434699264
19,17,110,17,0.5211,1,charliehebdo,552808071387701248
6,8,18,5,0.2797,1,charliehebdo,552808282398924800
1,4,5,5,0.1326,1,charliehebdo,552808620187217920
1,3,4,3,0.0628,1,charliehebdo,552808904137408512
6,18,28,16,0.4722,1,charliehebdo,552809418417790976
2,3,5,3,-0.006,1,charliehebdo,552810138114195456
2,19,21,20,0.2637,1,charliehebdo,552810448324943872
3,17,21,16,0.1556,1,charliehebdo,552810804186460161
1,18,19,16,0.3892,1,charliehebdo,552811386259386370
5,12,19,4,0.5317,1,charliehebdo,552812682626465792
10,10,39,14,0.0183,1,charliehebdo,552813461953323008
2,5,8,6,-0.2098,1,charliehebdo,552813494345940992
1,6,7,5,0.2572,1,charliehebdo,552813549291315200
1,10,11,10,0.0311,1,charliehebdo,552814494381256704
1,7,8,4,0.1995,1,charliehebdo,552814767417876480
1,4,5,3,-0.1681,1,charliehebdo,552815182708494336
1,4,5,4,0.2339,1,charliehebdo,552815274848964608
2,5,7,4,-0.0869,1,charliehebdo,552815540721291265
1,5,6,4,-0.1055,1,charliehebdo,552816020403269632
4,14,23,11,0.1696,1,charliehebdo,552816302780579840
2,2,4,4,-0.3678,1,charliehebdo,552816600995614721
1,6,7,5,0.0996,1,charliehebdo,552816932643405824
1,2,3,2,-0.624,1,charliehebdo,552817101057318913
3,15,21,9,0.2317,1,charliehebdo,552817345887207425
2,18,23,11,0.192,1,charliehebdo,552817965813739520
2,4,6,5,-0.0715,1,charliehebdo,552818821460148226
6,14,32,25,0.5454,1,charliehebdo,552820736490889216
3,15,22,10,0.3453,1,charliehebdo,552821069036670976
8,12,41,35,0.2966,1,charliehebdo,552821287933202435
1,10,11,8,0.2305,1,charliehebdo,552821475066281984
2,11,13,10,0.4486,1,charliehebdo,552822434639126528
1,2,3,3,-0.7032,1,charliehebdo,552822696195932161
1,2,3,3,-0.1375,1,charliehebdo,552822696200142850
2,9,11,9,0.3806,1,charliehebdo,552825753264717824
2,8,13,8,0.1907,1,charliehebdo,552828474814398464
1,5,6,6,-0.0406,1,charliehebdo,552828658747187201
2,13,16,11,0.4492,1,charliehebdo,552829386773516290
4,9,13,6,0.4812,1,charliehebdo,552829580579323904
3,5,14,5,0.4357,1,charliehebdo,552830684021424128
2,9,11,8,0.4224,1,charliehebdo,552830864187727876
3,18,21,20,-0.013,1,charliehebdo,552831881847533568
2,9,13,8,0.0027,1,charliehebdo,552832817089236992
2,17,19,14,0.4048,1,charliehebdo,552833028201144320
1,4,5,1,-0.2133,1,charliehebdo,552834445301256192
3,16,22,21,0.0273,1,charliehebdo,552834461478715392
4,12,18,12,0.2616,1,charliehebdo,552834961762709505
3,19,32,1,0.6688,1,charliehebdo,552837132491186179
3,15,21,20,0.3869,1,charliehebdo,552838551071911936
1,5,6,5,-0.1127,1,charliehebdo,552842762505428992
10,7,58,3,0.4289,1,charliehebdo,552845136414380032
2,14,16,12,0.2481,1,charliehebdo,552848620375261184
0,0,1,1,0.0,1,charliehebdo,552956517197303810
1,3,4,2,0.1351,1,charliehebdo,552978099357237248
1,2,3,3,-0.283,1,charliehebdo,552978184413921281
3,4,7,3,0.1978,1,charliehebdo,552978376424964097
3,12,17,9,0.1661,1,charliehebdo,552978476605923328
4,14,21,7,0.4122,1,charliehebdo,552979279039197186
1,2,3,3,-0.414,1,charliehebdo,552980261512949760
4,9,14,4,0.3849,1,charliehebdo,552981833189969921
12,12,36,5,0.1915,1,charliehebdo,552982443511144448
1,4,5,2,-0.1977,1,charliehebdo,552982613288157184
4,20,26,5,0.365,1,charliehebdo,552983615747796994
2,10,13,1,-0.0127,1,charliehebdo,552984347754897409
1,3,4,2,0.068,1,charliehebdo,552984502063337472
6,58,110,8,0.7418,1,charliehebdo,552984916070531072
2,18,20,10,0.0354,1,charliehebdo,552985611070881792
18,13,78,29,0.7288,1,charliehebdo,552985855854661633
1,5,6,1,0.2245,1,charliehebdo,552985912901001218
2,3,6,1,0.0042,1,charliehebdo,552986187364065281
12,14,38,3,0.5344,1,charliehebdo,552991544731774976
19,6,178,19,0.8051,1,charliehebdo,552993818816299008
9,5,16,3,0.2602,1,charliehebdo,552996335319007233
6,12,29,6,0.589,1,charliehebdo,553017543330648064
1,5,6,4,0.0458,1,charliehebdo,553096753898323968
2,3,5,1,-0.1852,1,charliehebdo,553098571323437056
9,8,21,6,0.2282,1,charliehebdo,553099685888790528
6,6,21,14,0.0771,1,charliehebdo,553102901619748864
1,4,5,3,-0.1807,1,charliehebdo,553103334626701312
1,3,4,1,0.0992,1,charliehebdo,553103772852191233
6,4,15,14,0.2503,1,charliehebdo,553104503520890880
1,6,7,5,0.1487,1,charliehebdo,553107921081749504
6,11,21,18,0.0247,1,charliehebdo,553110339236409346
6,13,20,6,0.6024,1,charliehebdo,553115168084074497
1,4,5,3,-0.0225,1,charliehebdo,553115236992290816
1,3,4,1,-0.099,1,charliehebdo,553116915325870083
3,9,16,5,0.3738,1,charliehebdo,553118198741356544
2,12,15,8,0.0199,1,charliehebdo,553121732387946496
1,6,7,2,0.3037,1,charliehebdo,553123329561743361
3,4,8,3,0.3135,1,charliehebdo,553124268196642816
5,7,12,4,0.2975,1,charliehebdo,553129559173115904
1,3,4,2,-0.2829,1,charliehebdo,553130148107943937
16,19,52,31,0.6926,1,charliehebdo,553133704881917952
4,14,22,13,0.3979,1,charliehebdo,553136565296582657
1,12,13,8,0.0264,1,charliehebdo,553136604882014208
17,13,39,25,0.4644,1,charliehebdo,553136845589319680
2,17,20,20,-0.1043,1,charliehebdo,553137849663361024
1,1,2,1,0.0,1,charliehebdo,553137946740932608
6,13,24,13,0.3403,1,charliehebdo,553139203320860672
2,7,9,8,0.4165,1,charliehebdo,553139825008599041
8,5,45,16,0.6386,1,charliehebdo,553141087725170688
2,9,12,11,0.4604,1,charliehebdo,553141732452626432
3,7,13,11,0.4151,1,charliehebdo,553144712920834048
1,3,4,3,-0.0577,1,charliehebdo,553152215050125313
4,18,22,3,0.1801,1,charliehebdo,553152395371630592
1,11,12,4,0.2568,1,charliehebdo,553160652567498752
1,14,15,10,0.4925,1,charliehebdo,553164985460068352
2,7,9,3,0.4147,1,charliehebdo,553167429665587200
1,3,4,3,0.0039,1,charliehebdo,553167814941761538
1,5,6,5,-0.041,1,charliehebdo,553169307824177152
0,0,1,1,0.0,1,charliehebdo,553176411541098499
1,5,6,3,-0.1397,1,charliehebdo,553176753297162240
2,17,21,11,0.1202,1,charliehebdo,553176929411825664
4,19,29,16,0.6202,1,charliehebdo,553184482241814530
11,12,26,25,0.0895,1,charliehebdo,553184643055644674
1,9,10,8,0.3512,1,charliehebdo,553184958958022657
5,13,27,2,0.3698,1,charliehebdo,553185370108878849
6,12,25,5,0.4988,1,charliehebdo,553186555150749696
3,1,4,2,-0.0191,1,charliehebdo,553188382403477505
1,1,2,1,0.0,1,charliehebdo,553190393370923008
4,15,24,16,0.6397,1,charliehebdo,553197863971610624
2,18,21,19,0.4565,1,charliehebdo,553198972287082497
1,5,6,2,-0.3976,1,charliehebdo,553202028575731713
2,6,9,8,0.3133,1,charliehebdo,553212962044149761
3,8,11,9,0.4983,1,charliehebdo,553216909022605312
1,2,3,2,-0.2026,1,charliehebdo,553221600955621376
3,15,20,4,0.2046,1,charliehebdo,553233728030650368
3,17,20,11,0.5386,1,charliehebdo,553461741917863936
1,2,3,3,-0.6899,1,charliehebdo,553466230989144064
1,2,3,2,-0.0994,1,charliehebdo,553467311261503488
3,3,6,6,-0.0811,1,charliehebdo,553468492700454912
11,8,30,23,0.663,1,charliehebdo,553469523945590784
2,19,21,21,-0.1041,1,charliehebdo,553469733656203264
1,8,9,8,0.4212,1,charliehebdo,553470140042735616
2,17,19,15,0.3354,1,charliehebdo,553470382129565696
2,8,10,7,-0.04,1,charliehebdo,553470492565602305
1,7,8,8,0.2423,1,charliehebdo,553470733180223489
1,6,7,6,0.167,1,charliehebdo,553470977972375553
1,2,3,3,-0.5156,1,charliehebdo,553471193110421504
1,9,10,9,0.4323,1,charliehebdo,553471987411324929
2,2,4,4,-0.15,1,charliehebdo,553472225798795264
1,4,5,4,0.0201,1,charliehebdo,553472437644320769
2,3,5,4,0.1746,1,charliehebdo,553472488462901248
8,6,23,9,0.4559,1,charliehebdo,553473416905629696
0,0,1,1,0.0,1,charliehebdo,553473550523580416
1,2,3,2,-0.0109,1,charliehebdo,553473704060284928
1,5,6,5,0.2512,1,charliehebdo,553474012446478336
1,12,13,5,0.1479,1,charliehebdo,553474188259102720
2,9,12,9,0.2366,1,charliehebdo,553474232596701184
7,9,42,10,0.5263,1,charliehebdo,553474514496278528
1,5,6,4,0.2878,1,charliehebdo,553474965278691330
1,8,9,7,0.42,1,charliehebdo,553475269873643520
1,12,13,10,0.408,1,charliehebdo,553475430897156096
2,11,13,4,0.0941,1,charliehebdo,553475729187680258
10,4,21,15,0.4869,1,charliehebdo,553475824369012736
1,6,7,6,0.2936,1,charliehebdo,553476073703620609
2,15,17,15,0.5233,1,charliehebdo,553476471470432256
1,4,5,5,-0.3503,1,charliehebdo,553476490315431937
1,4,5,5,-0.1918,1,charliehebdo,553476600985948160
7,4,15,7,0.5564,1,charliehebdo,553476880339599360
1,8,9,5,0.1418,1,charliehebdo,553477352542707712
1,8,9,7,0.319,1,charliehebdo,553477554041257985
1,7,8,6,0.2055,1,charliehebdo,553477692591726592
2,5,7,6,0.1829,1,charliehebdo,553477943616634880
1,10,11,8,0.2716,1,charliehebdo,553478142791548928
2,5,7,6,0.3772,1,charliehebdo,553478289474740224
2,18,24,21,0.5838,1,charliehebdo,553478677359775744
1,8,9,8,0.3739,1,charliehebdo,553479222434729984
0,0,1,1,0.0,1,charliehebdo,553479315711864832
3,19,27,8,0.4664,1,charliehebdo,553480082996879360
1,1,2,2,0.0,1,charliehebdo,553480292498153472
1,6,7,3,0.0343,1,charliehebdo,553480702067736578
1,5,6,5,0.0149,1,charliehebdo,553481076916883456
1,3,4,3,0.0751,1,charliehebdo,553483415954411520
11,15,28,13,0.4014,1,charliehebdo,553484365012148225
1,10,11,11,0.2581,1,charliehebdo,553484760233017344
6,9,16,13,0.3494,1,charliehebdo,553484780093050880
1,16,17,14,0.4394,1,charliehebdo,553485452943302656
1,10,11,8,0.289,1,charliehebdo,553486439129038848
1,11,12,9,0.3108,1,charliehebdo,553486529231089664
1,14,15,12,0.5289,1,charliehebdo,553486796534054912
1,4,5,5,-0.0966,1,charliehebdo,553487544508493825
4,16,25,22,0.2493,1,charliehebdo,553487971497041920
1,9,10,9,0.4524,1,charliehebdo,553488054640340992
1,3,4,2,-0.1224,1,charliehebdo,553488824656203776
1,8,9,8,0.3814,1,charliehebdo,553489393202499584
1,2,3,2,-0.0015,1,charliehebdo,553490238979727360
2,17,20,20,-0.0277,1,charliehebdo,553491540535156736
2,6,8,8,0.1591,1,charliehebdo,553493222052605952
1,5,6,3,0.1121,1,charliehebdo,553493510306152448
7,19,36,21,0.5952,1,charliehebdo,553493707472011264
3,18,25,22,0.5463,1,charliehebdo,553493785523400704
4,15,23,21,0.629,1,charliehebdo,553495137314435072
3,16,20,12,0.1394,1,charliehebdo,553495922639122432
2,19,21,7,0.1219,1,charliehebdo,553500238246608896
3,20,28,23,0.4342,1,charliehebdo,553501357156876290
6,13,36,13,0.5616,1,charliehebdo,553501773517033472
5,9,16,11,0.362,1,charliehebdo,553502180666531840
1,9,10,8,-0.0726,1,charliehebdo,553502311872733184
1,19,20,16,0.1803,1,charliehebdo,553502446769942528
3,18,24,21,0.375,1,charliehebdo,553503184174710784
3,19,22,14,0.4167,1,charliehebdo,553503546382249984
6,9,22,7,0.1009,1,charliehebdo,553503909692841984
2,15,17,9,0.3023,1,charliehebdo,553505242554175489
3,12,19,13,0.478,1,charliehebdo,553505371290357761
1,8,9,8,0.4309,1,charliehebdo,553505858811080704
2,22,27,21,0.6127,1,charliehebdo,553506608203169792
7,10,20,6,0.1748,1,charliehebdo,553508098825261056
1,5,6,5,0.3267,1,charliehebdo,553512735192141826
3,18,26,20,0.4468,1,charliehebdo,553513403512532992
1,6,7,6,-0.4886,1,charliehebdo,553515054503821312
2,9,11,6,0.4276,1,charliehebdo,553515399438811136
1,5,6,5,0.2189,1,charliehebdo,553517713147301888
4,5,12,9,0.1995,1,charliehebdo,553518024272379905
1,1,2,2,0.0,1,charliehebdo,553518053838061568
2,19,21,21,0.1272,1,charliehebdo,553518472798683136
3,6,9,7,0.268,1,charliehebdo,553519375521951744
2,11,14,13,0.2502,1,charliehebdo,553521417598550016
1,2,3,3,-0.0043,1,charliehebdo,553524086417424384
2,18,21,21,0.421,1,charliehebdo,553528788383191040
1,18,19,7,0.4422,1,charliehebdo,553529101659566080
14,8,48,14,-0.0295,1,charliehebdo,553529196216344576
3,6,10,9,0.2277,1,charliehebdo,553529334892609536
8,12,21,20,0.1989,1,charliehebdo,553529796601585664
1,6,7,7,-0.3235,1,charliehebdo,553529935789559808
2,6,8,8,0.1471,1,charliehebdo,553529941938425857
1,3,4,3,0.1484,1,charliehebdo,553530524183326720
1,4,5,5,-0.1049,1,charliehebdo,553530558614351873
1,2,3,3,-0.0789,1,charliehebdo,553530667821457408
1,4,5,3,0.1504,1,charliehebdo,553531130163773440
1,6,7,6,0.1781,1,charliehebdo,553531316797718528
4,18,24,21,0.4871,1,charliehebdo,553531343834202112
2,14,16,13,0.5602,1,charliehebdo,553531413459660800
2,17,19,16,0.5372,1,charliehebdo,553531695480463360
1,7,8,7,0.4025,1,charliehebdo,553531781690163201
2,12,15,10,0.3849,1,charliehebdo,553531971457265664
1,3,4,3,0.1621,1,charliehebdo,553532980871053312
1,3,4,3,0.1052,1,charliehebdo,553532980896231424
5,4,10,5,0.1489,1,charliehebdo,553533499643547648
0,0,1,1,0.0,1,charliehebdo,553533607126388737
7,7,14,7,0.3109,1,charliehebdo,553534707108155392
1,4,5,3,-0.2897,1,charliehebdo,553534768537939968
1,7,8,8,0.2163,1,charliehebdo,553534838880608256
1,8,9,7,0.1171,1,charliehebdo,553535221828964352
2,14,19,14,0.3699,1,charliehebdo,553535430788780032
2,19,21,20,0.6063,1,charliehebdo,553535441828605953
3,17,25,22,0.6263,1,charliehebdo,553535467065712640
1,5,6,5,0.1048,1,charliehebdo,553535829017370625
1,2,3,3,-0.8167,1,charliehebdo,553535829529100288
2,9,12,11,0.1885,1,charliehebdo,553535862911541248
1,1,2,2,0.0,1,charliehebdo,553535971959275520
8,11,20,17,0.5782,1,charliehebdo,553536236493615104
3,10,16,16,0.1207,1,charliehebdo,553536269972942849
1,6,7,5,0.1553,1,charliehebdo,553536397731442688
3,17,20,14,0.4557,1,charliehebdo,553536603998945280
3,17,20,19,0.0963,1,charliehebdo,553536887349325825
2,3,5,5,-0.4076,1,charliehebdo,553537537126694912
1,4,5,5,-0.1518,1,charliehebdo,553537939041701888
2,17,20,20,0.0448,1,charliehebdo,553538058440941568
9,7,31,7,0.3996,1,charliehebdo,553540617540624385
5,12,17,12,0.335,1,charliehebdo,553540739058376704
1,20,21,20,-0.1117,1,charliehebdo,553541676229472256
2,14,18,15,0.5846,1,charliehebdo,553541776854634496
1,13,14,13,0.2532,1,charliehebdo,553541988490825728
2,5,7,7,0.1461,1,charliehebdo,553542235661553665
4,11,15,8,0.3785,1,charliehebdo,553542442373619712
12,13,59,46,0.7007,1,charliehebdo,553542565593878528
4,9,24,20,0.0471,1,charliehebdo,553543369604210689
1,14,15,11,0.5578,1,charliehebdo,553544252563935234
2,17,20,20,0.0724,1,charliehebdo,553544419602104320
1,14,15,14,0.3908,1,charliehebdo,553544694765215745
2,14,17,14,0.5047,1,charliehebdo,553545906155712512
3,9,12,11,0.4995,1,charliehebdo,553546029212389376
5,18,24,17,0.2501,1,charliehebdo,553546063752478722
2,18,20,20,0.1397,1,charliehebdo,553547270264979456
2,15,17,16,0.5686,1,charliehebdo,553547836517007360
9,9,23,17,0.0268,1,charliehebdo,553548567420628992
4,9,24,15,0.3042,1,charliehebdo,553549686129561600
2,18,20,20,0.0824,1,charliehebdo,553550301886955520
1,3,4,3,0.0862,1,charliehebdo,553550448154910720
2,18,21,12,0.5148,1,charliehebdo,553551225560764416
1,8,9,5,0.4438,1,charliehebdo,553551286793416704
1,8,9,9,-0.1293,1,charliehebdo,553551598954491904
3,10,13,10,0.3135,1,charliehebdo,553552293371871233
1,8,9,8,0.2113,1,charliehebdo,553552825431883776
1,3,4,3,0.1601,1,charliehebdo,553553173743677440
1,3,4,4,-0.2759,1,charliehebdo,553553244845522945
11,11,26,17,-0.0456,1,charliehebdo,553553288625672192
3,9,12,4,0.1614,1,charliehebdo,553553724548059137
1,4,5,5,-0.1862,1,charliehebdo,553553813542797312
4,4,8,4,0.1522,1,charliehebdo,553554351633858560
4,11,22,21,0.0404,1,charliehebdo,553554585634496512
4,16,20,20,0.2617,1,charliehebdo,553554835203956736
4,17,26,21,0.5331,1,charliehebdo,553555600911925249
3,12,21,21,0.0856,1,charliehebdo,553555979238129664
2,5,7,7,-0.2539,1,charliehebdo,553556060569862145
7,12,20,20,0.0272,1,charliehebdo,553556643456507904
2,18,20,15,0.1161,1,charliehebdo,553556844665659392
1,5,6,6,-0.6451,1,charliehebdo,553556984273072128
8,18,33,32,0.6256,1,charliehebdo,553557308937363458
3,15,21,21,0.2555,1,charliehebdo,553557753558757376
3,6,11,8,0.1781,1,charliehebdo,553558131369062400
6,16,23,23,0.1395,1,charliehebdo,553558385048944640
4,4,8,8,-0.1209,1,charliehebdo,553558513210105856
3,8,14,10,0.5283,1,charliehebdo,553558982476828674
12,6,29,15,0.6656,1,charliehebdo,553559793940447234
7,17,32,22,0.5362,1,charliehebdo,553561170637238272
3,6,9,5,0.0901,1,charliehebdo,553561452318322688
3,13,20,16,0.1233,1,charliehebdo,553563668169125889
3,9,12,12,0.0618,1,charliehebdo,553566026030272512
1,8,9,8,0.1013,1,charliehebdo,553566877956734976
1,8,9,6,-0.0979,1,charliehebdo,553572740125712385
1,11,12,5,0.2239,1,charliehebdo,553572754746638337
2,20,22,21,0.1888,1,charliehebdo,553573365798416385
1,11,12,3,0.3713,1,charliehebdo,553574345235103746
2,18,20,19,0.1893,1,charliehebdo,553574501964079104
2,10,13,12,-0.1727,1,charliehebdo,553575232867672064
1,9,10,7,0.195,1,charliehebdo,553575984054951936
3,20,24,15,0.5327,1,charliehebdo,553576010898497536
3,19,24,21,0.4175,1,charliehebdo,553576849943826432
3,16,20,19,0.2114,1,charliehebdo,553578029751226369
4,11,26,18,0.4557,1,charliehebdo,553579224402235393
3,15,21,21,0.0226,1,charliehebdo,553580959661309952
4,14,20,19,0.5307,1,charliehebdo,553585504093224962
2,10,12,11,0.3346,1,charliehebdo,553586781355278336
1,19,20,20,-0.08,1,charliehebdo,553586860334010368
2,10,13,11,0.36,1,charliehebdo,553586897168392192
1,1,2,2,0.0,1,charliehebdo,553586978017775616
5,19,35,34,0.6903,1,charliehebdo,553587013409325058
6,18,26,22,0.4094,1,charliehebdo,553587167394791424
4,14,24,24,-0.0977,1,charliehebdo,553587225901154304
2,17,22,21,0.4463,1,charliehebdo,553587303172833280
1,7,8,8,0.0449,1,charliehebdo,553587329626292224
0,0,1,1,0.0,1,charliehebdo,553587511839444994
0,0,1,1,0.0,1,charliehebdo,553587511864598529
8,18,28,23,0.1584,1,charliehebdo,553587672137334785
3,3,8,7,0.4002,1,charliehebdo,553587735613952001
1,4,5,5,0.0141,1,charliehebdo,553587861837328385
2,14,16,14,0.3636,1,charliehebdo,553588012752568321
4,9,16,12,0.1901,1,charliehebdo,553588053348843520
3,3,6,5,0.277,1,charliehebdo,553588080964558849
1,2,3,3,-0.0412,1,charliehebdo,553588106587545600
1,12,13,13,-0.0543,1,charliehebdo,553588178687655936
0,0,1,1,0.0,1,charliehebdo,553588340432572416
2,19,22,22,0.0494,1,charliehebdo,553588374280601600
19,17,45,14,-0.101,1,charliehebdo,553588494661337089
1,2,3,3,-0.1955,1,charliehebdo,553588760060125185
1,10,11,11,0.2883,1,charliehebdo,553588913747808256
5,11,18,18,-0.0133,1,charliehebdo,553588946039746560
2,19,21,21,0.5339,1,charliehebdo,553588993993232384
1,8,9,7,0.1647,1,charliehebdo,553589051044151296
1,15,16,14,0.5559,1,charliehebdo,553589055116836864
4,19,27,27,0.2608,1,charliehebdo,553589121776898048
1,9,10,10,-0.2698,1,charliehebdo,553589285342175232
1,1,2,2,0.0,1,charliehebdo,553589295525941248
2,3,6,5,0.1459,1,charliehebdo,553589372084162560
1,19,20,18,0.1799,1,charliehebdo,553589606307090432
0,0,1,1,0.0,1,charliehebdo,553589720480235522
1,19,20,20,0.0531,1,charliehebdo,553590459688570880
1,6,7,5,0.085,1,charliehebdo,553590522800275456
2,10,12,9,0.0481,1,charliehebdo,553590529548886016
4,16,22,22,-0.0543,1,charliehebdo,553590653784195072
3,18,24,21,0.4793,1,charliehebdo,553590721207615488
5,16,21,15,0.3957,1,charliehebdo,553590835850514433
1,3,4,4,-0.2391,1,charliehebdo,553590891852886019
2,19,21,20,0.3318,1,charliehebdo,553591259672379392
14,8,40,11,0.4299,0,charliehebdo,552784600502915072
2,8,10,5,0.4604,0,charliehebdo,552784898743099392
6,6,32,14,0.538,0,charliehebdo,552785391653494784
2,4,6,5,0.2962,0,charliehebdo,552786116404072448
2,8,11,6,0.0938,0,charliehebdo,552786299875520512
3,12,18,14,0.2851,0,charliehebdo,552786340958715904
4,10,14,10,0.0043,0,charliehebdo,552787144373460992
4,3,7,5,-0.0231,0,charliehebdo,552787144415404032
3,17,24,14,0.5837,0,charliehebdo,552787321561812992
19,16,111,22,0.7754,0,charliehebdo,552787361437057024
1,5,6,5,0.1947,0,charliehebdo,552787599031828480
1,6,7,5,0.2362,0,charliehebdo,552787914271510529
4,11,15,10,0.4697,0,charliehebdo,552788007603142656
3,21,38,22,0.3734,0,charliehebdo,552788555584765952
2,6,9,5,-0.0051,0,charliehebdo,552788720236376064
1,4,5,4,0.1292,0,charliehebdo,552789196906459136
4,13,18,5,0.249,0,charliehebdo,552789252690706432
4,15,20,20,0.3184,0,charliehebdo,552789443644751872
3,6,11,3,0.3636,0,charliehebdo,552789550238801920
2,13,15,10,0.5402,0,charliehebdo,552789583260577792
1,5,6,3,-0.2092,0,charliehebdo,552789886202175490
2,9,14,2,0.2081,0,charliehebdo,552790565642067968
1,2,3,3,-0.7714,0,charliehebdo,552790598823186432
5,8,15,4,0.0428,0,charliehebdo,552790695036321793
3,6,9,3,0.2143,0,charliehebdo,552791159232540673
4,9,23,15,0.5416,0,charliehebdo,552791203432103937
10,13,30,22,0.1928,0,charliehebdo,552791332935434242
3,4,8,1,0.1308,0,charliehebdo,552791414388424704
2,18,21,6,0.5106,0,charliehebdo,552791678881660928
5,16,26,12,0.4111,0,charliehebdo,552791719272775680
3,19,24,18,0.4064,0,charliehebdo,552791831390732289
1,3,4,1,-0.2306,0,charliehebdo,552792131447037952
1,1,2,2,0.0,0,charliehebdo,552792253601947648
0,0,1,1,0.0,0,charliehebdo,552792518870708224
4,13,21,21,0.0827,0,charliehebdo,552793409438904321
10,2,18,7,0.2799,0,charliehebdo,552793759210307584
3,18,22,20,0.5589,0,charliehebdo,552794286849536001
3,12,16,11,-0.1522,0,charliehebdo,552794514424102913
9,7,21,3,0.3103,0,charliehebdo,552794995942772736
2,3,5,4,0.0978,0,charliehebdo,552795056080691200
10,7,24,3,0.247,0,charliehebdo,552795778922864640
1,8,9,5,0.1861,0,charliehebdo,552795953301045248
1,3,4,4,0.0432,0,charliehebdo,552796269069209600
8,5,21,8,0.2842,0,charliehebdo,552796506642591744
9,15,35,2,0.621,0,charliehebdo,552796522904297472
7,20,36,15,0.476,0,charliehebdo,552796619104866304
4,15,20,4,0.3182,0,charliehebdo,552796625467621376
1,4,5,2,-0.1857,0,charliehebdo,552796895513681920
1,1,2,1,0.0,0,charliehebdo,552797058990870528
1,1,2,1,0.0,0,charliehebdo,552797114863198208
4,17,23,23,0.3314,0,charliehebdo,552797148975464448
22,5,301,5,0.8172,0,charliehebdo,552797154692300800
3,5,9,7,0.3576,0,charliehebdo,552797170295144449
10,10,29,15,0.5652,0,charliehebdo,552797729504886784
3,14,17,9,0.3946,0,charliehebdo,552797828977029120
3,5,8,3,0.1908,0,charliehebdo,552798010196107264
1,7,8,4,0.2139,0,charliehebdo,552798016646942721
1,1,2,1,0.0,0,charliehebdo,552798200990806016
8,3,19,19,-0.0167,0,charliehebdo,552798310889566209
12,5,29,15,0.0685,0,charliehebdo,552798640679702528
1,5,6,1,0.0394,0,charliehebdo,552798832359374849
7,8,20,20,0.1698,0,charliehebdo,552799100715167744
2,6,10,3,0.1928,0,charliehebdo,552799606833430528
3,7,11,1,0.2459,0,charliehebdo,552799669521481728
9,6,29,2,0.3457,0,charliehebdo,552800070199148544
1,11,12,3,0.2125,0,charliehebdo,552800222553079809
5,8,13,3,0.2119,0,charliehebdo,552800223496790018
4,18,29,21,0.5113,0,charliehebdo,552800290861510656
0,0,1,1,0.0,0,charliehebdo,552800929519792128
8,9,38,16,0.4487,0,charliehebdo,552801028262096896
2,7,13,5,0.2767,0,charliehebdo,552801115516186625
2,12,14,10,0.0939,0,charliehebdo,552801667855695873
5,10,35,23,0.6286,0,charliehebdo,552801724898226176
7,11,21,2,0.3044,0,charliehebdo,552801894092275712
19,11,65,24,0.7734,0,charliehebdo,552801979861598208
5,9,30,14,0.59,0,charliehebdo,552802011733716992
4,19,24,13,0.4504,0,charliehebdo,552802098602319873
18,9,95,8,0.6084,0,charliehebdo,552802099331735552
7,9,18,5,0.5951,0,charliehebdo,552802117908697088
2,15,18,7,0.4668,0,charliehebdo,552802515969138688
2,5,7,4,0.1386,0,charliehebdo,552802531672588288
2,10,12,2,0.1433,0,charliehebdo,552802714816905216
2,5,8,4,0.0493,0,charliehebdo,552803413583360001
2,9,11,6,0.4768,0,charliehebdo,552803431702749184
1,3,4,1,-0.3162,0,charliehebdo,552803757864787968
7,17,28,14,0.2741,0,charliehebdo,552803792618799106
4,5,11,4,0.1572,0,charliehebdo,552804175310901248
1,8,9,7,0.298,0,charliehebdo,552804198161854464
8,13,47,19,0.6867,0,charliehebdo,552804301316579330
2,18,21,20,0.5205,0,charliehebdo,552804328319504384
8,5,26,23,0.638,0,charliehebdo,552804454773567488
7,10,22,17,0.4253,0,charliehebdo,552804491821854720
2,5,7,2,-0.1862,0,charliehebdo,552804592988479488
3,9,12,8,0.4508,0,charliehebdo,552804769241526272
5,4,14,6,0.1797,0,charliehebdo,552804784819154944
13,5,33,4,0.3936,0,charliehebdo,552804810463117312
4,12,23,17,0.5909,0,charliehebdo,552804962158514176
9,18,52,7,0.6879,0,charliehebdo,552805050620604418
8,10,23,9,0.4781,0,charliehebdo,552805069956329472
7,6,25,16,0.586,0,charliehebdo,552805169206157312
9,4,28,24,0.214,0,charliehebdo,552805175874686977
1,2,3,3,-0.3419,0,charliehebdo,552805209424941058
6,16,37,8,0.5084,0,charliehebdo,552805450350362625
2,18,20,14,0.3274,0,charliehebdo,552805638024077312
5,15,22,13,-0.0135,0,charliehebdo,552805799106732032
7,16,28,9,0.4861,0,charliehebdo,552805830677258240
1,6,7,5,0.3164,0,charliehebdo,552805853762699264
2,14,16,8,0.5095,0,charliehebdo,552805956619628544
1,15,16,7,0.1287,0,charliehebdo,552805970536333314
5,10,21,16,0.2092,0,charliehebdo,552806056154644480
9,14,42,18,0.0072,0,charliehebdo,552806077755326464
2,4,6,4,0.0309,0,charliehebdo,552806462125506560
19,13,346,78,0.8672,0,charliehebdo,552806610490646528
1,12,13,4,0.1366,0,charliehebdo,552806624046641153
1,9,10,4,0.0429,0,charliehebdo,552806890498191361
6,7,24,6,0.3016,0,charliehebdo,552806932176977920
1,10,11,9,0.4954,0,charliehebdo,552807013764575232
3,14,17,10,0.4959,0,charliehebdo,552807054268956673
1,3,4,1,-0.2446,0,charliehebdo,552807071054184448
3,16,20,9,0.072,0,charliehebdo,552807101442322432
1,8,9,3,0.215,0,charliehebdo,552807191775043585
1,9,10,5,0.296,0,charliehebdo,552807236339507200
3,15,20,10,0.3616,0,charliehebdo,552807328287064065
3,3,7,2,-0.0205,0,charliehebdo,552807536894947329
1,4,5,1,-0.1158,0,charliehebdo,552807582113730560
6,16,32,24,0.5832,0,charliehebdo,552807598966059008
2,8,10,2,0.0885,0,charliehebdo,552807658869493760
1,6,7,5,0.1491,0,charliehebdo,552807783385800705
2,11,13,11,0.1491,0,charliehebdo,552807832257835008
11,5,36,9,0.3961,0,charliehebdo,552807874192482305
11,6,66,31,0.5688,0,charliehebdo,552807904597008385
3,20,23,5,0.5025,0,charliehebdo,552808135006887937
2,5,8,2,0.0852,0,charliehebdo,552808138127446016
1,19,20,15,0.5811,0,charliehebdo,552808242276229120
4,3,9,5,0.2934,0,charliehebdo,552808461940301825
9,7,44,2,0.3918,0,charliehebdo,552808487924011008
12,9,22,10,0.244,0,charliehebdo,552808658510561280
0,0,1,1,0.0,0,charliehebdo,552808669646036992
2,7,10,7,0.2804,0,charliehebdo,552808701065953280
1,4,5,4,0.2346,0,charliehebdo,552808776492130304
5,4,10,3,-0.1442,0,charliehebdo,552808785329549313
3,6,10,2,0.3026,0,charliehebdo,552809042687819776
1,9,10,5,0.076,0,charliehebdo,552809336360419329
3,11,14,9,0.3585,0,charliehebdo,552809902956367872
12,9,56,3,0.4824,0,charliehebdo,552810032765497345
7,8,27,7,0.643,0,charliehebdo,552810124776308736
2,16,18,3,0.5465,0,charliehebdo,552810166744547328
1,2,3,3,-0.1809,0,charliehebdo,552810249263259649
3,6,9,7,-0.0544,0,charliehebdo,552810276635291649
1,13,14,11,0.2197,0,charliehebdo,552810287695659009
1,1,2,1,0.0,0,charliehebdo,552810359409897472
5,11,27,13,0.5815,0,charliehebdo,552810477940932609
4,16,23,17,0.3278,0,charliehebdo,552810625873633280
1,2,3,3,-0.1787,0,charliehebdo,552810805243412481
2,18,20,20,-0.001,0,charliehebdo,552810855503757313
5,15,20,3,0.2364,0,charliehebdo,552810884029222912
5,8,13,2,0.2331,0,charliehebdo,552811128326475776
10,8,25,5,0.5342,0,charliehebdo,552811254667288576
12,13,50,15,0.4615,0,charliehebdo,552811319079227393
3,13,21,17,0.1025,0,charliehebdo,552811354323963904
4,18,23,18,0.4526,0,charliehebdo,552811408094945280
3,8,15,6,0.348,0,charliehebdo,552811438994378754
2,18,20,12,0.5909,0,charliehebdo,552811533303296001
10,15,48,12,0.5938,0,charliehebdo,552811606640721921
10,5,31,12,0.6064,0,charliehebdo,552811735183552512
2,9,11,7,0.2847,0,charliehebdo,552811772038881280
12,8,32,5,0.4205,0,charliehebdo,552812020295532544
3,7,14,9,0.3599,0,charliehebdo,552812040926941185
1,13,14,6,0.1357,0,charliehebdo,552812098057936896
8,10,46,37,0.5991,0,charliehebdo,552812140479148032
2,4,6,6,-0.2255,0,charliehebdo,552812188315172864
0,0,1,1,0.0,0,charliehebdo,552812399997489152
1,5,6,2,0.2556,0,charliehebdo,552812416485294080
19,15,61,14,0.4151,0,charliehebdo,552812475134275584
3,14,22,21,-0.108,0,charliehebdo,552812572731527168
2,6,8,2,-0.0162,0,charliehebdo,552812623658762240
6,9,26,13,0.4559,0,charliehebdo,552812775907422209
17,11,43,26,0.1186,0,charliehebdo,552812811651272705
4,3,7,1,0.1387,0,charliehebdo,552812847651377153
5,11,20,18,0.6102,0,charliehebdo,552812951208722432
18,8,96,45,0.7644,0,charliehebdo,552812984343330816
1,10,11,6,0.4212,0,charliehebdo,552813011803836416
3,12,16,7,0.5343,0,charliehebdo,552813155572006912
2,7,9,7,0.3774,0,charliehebdo,552813160110252032
1,8,9,4,0.17,0,charliehebdo,552813223360352256
8,13,24,3,0.2627,0,charliehebdo,552813420136128513
5,17,24,6,0.5577,0,charliehebdo,552813590919778304
1,14,15,4,0.2377,0,charliehebdo,552813988644659200
2,5,7,4,0.3331,0,charliehebdo,552814076167213056
4,7,11,7,0.4184,0,charliehebdo,552814130827370498
1,4,5,2,-0.236,0,charliehebdo,552814137857036289
3,16,19,13,0.235,0,charliehebdo,552814213081866240
1,8,9,3,0.2973,0,charliehebdo,552814216550563840
7,15,27,19,0.6551,0,charliehebdo,552814280471367680
1,7,8,4,0.3247,0,charliehebdo,552814317096407040
6,8,19,4,0.5831,0,charliehebdo,552814382338826240
1,5,6,1,-0.0374,0,charliehebdo,552814410763603968
3,10,17,11,0.2871,0,charliehebdo,552814460193476609
15,9,54,5,0.7013,0,charliehebdo,552814566594576386
0,0,1,1,0.0,0,charliehebdo,552814627399012352
1,2,3,2,-0.0122,0,charliehebdo,552814766369284097
11,9,42,16,0.4084,0,charliehebdo,552814770542628865
1,10,11,7,0.2381,0,charliehebdo,552814845016694786
2,8,10,1,0.0444,0,charliehebdo,552814916567322624
1,3,4,3,0.1188,0,charliehebdo,552814974511628289
2,4,6,4,0.2032,0,charliehebdo,552814978823385088
1,7,8,7,0.0496,0,charliehebdo,552814983797821440
2,12,15,13,0.5184,0,charliehebdo,552815017402589184
1,2,3,3,-0.7375,0,charliehebdo,552815091331366912
11,9,65,39,0.7127,0,charliehebdo,552815122897727488
4,20,35,9,0.4459,0,charliehebdo,552815293349650433
6,14,22,14,0.579,0,charliehebdo,552815332931665921
3,14,20,16,-0.0198,0,charliehebdo,552815387759616000
8,11,27,7,0.5687,0,charliehebdo,552815443959091200
6,4,12,8,0.2611,0,charliehebdo,552815575672836096
5,19,29,16,0.3244,0,charliehebdo,552815682241691648
15,10,81,21,0.5976,0,charliehebdo,552815712327454720
1,2,3,2,-0.1281,0,charliehebdo,552815712432316417
2,6,8,6,0.0316,0,charliehebdo,552815993165467649
4,11,17,8,0.1784,0,charliehebdo,552816010752167936
4,16,30,4,0.5283,0,charliehebdo,552816062593761280
1,7,8,6,0.2067,0,charliehebdo,552816233796894720
3,14,17,10,0.4798,0,charliehebdo,552816288612225024
0,0,1,1,0.0,0,charliehebdo,552816288935202817
7,11,20,18,0.2582,0,charliehebdo,552816497740251136
2,13,15,9,0.4145,0,charliehebdo,552816539175763969
7,11,24,17,0.074,0,charliehebdo,552816561514635264
2,15,17,10,0.3519,0,charliehebdo,552816590463315968
2,18,20,7,0.2341,0,charliehebdo,552816686752358401
8,12,28,5,0.3517,0,charliehebdo,552816689386373121
6,3,10,1,0.1983,0,charliehebdo,552816883012239360
4,8,18,7,0.4269,0,charliehebdo,552816933851394048
4,5,10,4,0.3557,0,charliehebdo,552817061203050496
2,8,10,6,0.4359,0,charliehebdo,552817146166652928
1,9,10,9,0.4258,0,charliehebdo,552817151112142848
7,7,30,18,0.1672,0,charliehebdo,552817205982019584
19,15,89,28,0.4986,0,charliehebdo,552817293969739778
1,19,20,14,0.4183,0,charliehebdo,552817367995002880
2,9,11,5,0.3366,0,charliehebdo,552817391181103104
2,7,9,6,0.4452,0,charliehebdo,552817490263572480
4,13,26,11,0.5095,0,charliehebdo,552817675408523264
8,10,35,16,0.4643,0,charliehebdo,552817711617552385
1,1,2,2,0.0,0,charliehebdo,552817759684665345
2,4,6,1,0.0508,0,charliehebdo,552817769604198400
2,12,16,7,0.513,0,charliehebdo,552817783910961152
5,13,22,7,0.5082,0,charliehebdo,552817785949396992
6,10,16,2,0.4206,0,charliehebdo,552817918220984320
1,14,15,11,0.4988,0,charliehebdo,552818300041052160
0,0,1,1,0.0,0,charliehebdo,552818301530025984
0,0,1,1,0.0,0,charliehebdo,552818309050421250
7,9,32,14,0.489,0,charliehebdo,552818334643658752
1,3,4,3,0.0827,0,charliehebdo,552818368487911425
8,14,43,7,0.5662,0,charliehebdo,552818685526933505
2,19,21,20,0.6228,0,charliehebdo,552818799095730176
3,6,9,8,0.435,0,charliehebdo,552818868604129280
6,14,24,8,0.3887,0,charliehebdo,552818870281850881
5,12,29,2,0.4544,0,charliehebdo,552818922798727168
2,12,14,13,0.5293,0,charliehebdo,552818988468944897
4,12,25,16,0.5177,0,charliehebdo,552819064301961216
19,5,53,4,0.3667,0,charliehebdo,552819155859431424
3,5,11,8,0.0994,0,charliehebdo,552819208212717568
6,12,27,21,0.5896,0,charliehebdo,552819316702199811
8,12,25,13,0.636,0,charliehebdo,552819350504493057
0,0,1,1,0.0,0,charliehebdo,552819474320359425
3,4,8,1,0.3646,0,charliehebdo,552819569103220736
18,10,73,4,0.7373,0,charliehebdo,552819649599897601
1,3,4,2,0.0843,0,charliehebdo,552819824007872512
14,11,83,6,0.7767,0,charliehebdo,552819936343883776
2,2,5,3,-0.0524,0,charliehebdo,552819983915700224
4,7,13,2,0.2723,0,charliehebdo,552819986834923520
0,0,1,1,0.0,0,charliehebdo,552820025409941506
0,0,1,1,0.0,0,charliehebdo,552820150345297921
3,4,7,6,0.2417,0,charliehebdo,552820156980670464
1,1,2,2,0.0,0,charliehebdo,552820265994829824
3,13,18,14,0.1867,0,charliehebdo,552820331204055041
3,4,7,7,0.1276,0,charliehebdo,552820384039706624
3,5,9,1,0.1333,0,charliehebdo,552820533507944448
2,15,17,7,0.4462,0,charliehebdo,552820575752974336
3,2,5,1,0.1597,0,charliehebdo,552820735513612288
19,7,96,14,0.4061,0,charliehebdo,552820842544246784
4,17,25,23,0.641,0,charliehebdo,552820930419109888
8,24,56,9,0.5933,0,charliehebdo,552821030117711872
3,16,21,12,0.5508,0,charliehebdo,552821050145513472
1,6,7,2,-0.0666,0,charliehebdo,552821223676444672
1,9,10,4,0.4608,0,charliehebdo,552821282447040513
17,9,46,8,0.6986,0,charliehebdo,552821437678223361
2,15,17,4,0.436,0,charliehebdo,552821570423771136
5,13,21,8,0.2561,0,charliehebdo,552821573946982401
4,13,18,7,-0.0738,0,charliehebdo,552821659103940608
9,12,31,14,0.6537,0,charliehebdo,552821730100924417
9,7,53,26,0.5476,0,charliehebdo,552821810224304128
3,19,25,22,0.2994,0,charliehebdo,552821810572439553
1,19,20,16,0.0979,0,charliehebdo,552821862850637825
15,16,129,11,0.6511,0,charliehebdo,552821977061556225
1,6,7,6,-0.1834,0,charliehebdo,552821991850668032
1,19,20,15,0.2207,0,charliehebdo,552822043490938881
2,11,13,4,0.0376,0,charliehebdo,552822076676255744
2,15,19,14,0.474,0,charliehebdo,552822314157768704
18,10,98,8,0.6667,0,charliehebdo,552822330141851649
1,9,10,4,0.366,0,charliehebdo,552822450824962048
1,3,4,4,-0.4492,0,charliehebdo,552822465047437314
7,10,20,13,0.294,0,charliehebdo,552822544341139458
13,6,22,3,0.5622,0,charliehebdo,552822566726164481
4,17,26,9,0.323,0,charliehebdo,552822604206460928
1,16,17,11,0.5307,0,charliehebdo,552822718115373057
3,8,13,5,0.216,0,charliehebdo,552822739388882944
3,16,25,19,0.6238,0,charliehebdo,552822783311630336
1,8,9,1,0.0079,0,charliehebdo,552822812281692160
2,2,4,2,-0.0049,0,charliehebdo,552822841541144577
5,10,20,1,0.1349,0,charliehebdo,552822873773993984
6,13,38,7,0.373,0,charliehebdo,552822887988883457
1,19,20,20,0.1301,0,charliehebdo,552822944603582464
11,18,32,14,0.515,0,charliehebdo,552823014866563072
1,1,2,1,0.0,0,charliehebdo,552823029680852992
19,11,60,20,0.2618,0,charliehebdo,552823108537954306
1,9,10,6,0.216,0,charliehebdo,552823186966855680
2,11,13,8,0.5165,0,charliehebdo,552823198484819969
2,16,18,6,0.5464,0,charliehebdo,552823301899575296
4,11,18,13,0.293,0,charliehebdo,552823427862908928
0,0,1,1,0.0,0,charliehebdo,552823691500072960
3,5,10,1,0.3322,0,charliehebdo,552823829333291010
19,5,53,29,0.5251,0,charliehebdo,552823933381394432
2,13,15,9,0.5245,0,charliehebdo,552823940440403968
1,3,4,2,0.0763,0,charliehebdo,552823949311369216
0,0,1,1,0.0,0,charliehebdo,552823984358977536
1,2,3,1,-0.4192,0,charliehebdo,552824126659104771
2,12,15,10,0.4387,0,charliehebdo,552824162969210880
8,10,22,10,0.3251,0,charliehebdo,552824163841638400
4,19,23,18,0.5226,0,charliehebdo,552824320389435392
1,15,16,11,0.1043,0,charliehebdo,552824383816073216
5,11,18,4,0.5723,0,charliehebdo,552824456557887488
1,19,20,4,0.5377,0,charliehebdo,552824462958395392
1,2,3,2,-0.2212,0,charliehebdo,552824705703763969
3,15,32,7,0.1889,0,charliehebdo,552824742097719296
2,4,6,4,0.1147,0,charliehebdo,552824769754976257
2,4,7,7,0.0708,0,charliehebdo,552824885484224513
11,12,34,26,0.4916,0,charliehebdo,552825083941879808
2,13,15,13,0.3388,0,charliehebdo,552825211654246401
9,13,46,23,0.6285,0,charliehebdo,552825236715208707
1,5,6,4,0.271,0,charliehebdo,552825257707335680
14,14,34,6,0.3174,0,charliehebdo,552825303341740032
3,7,19,2,0.5586,0,charliehebdo,552825402872590336
8,5,35,15,0.6974,0,charliehebdo,552825459546030080
1,1,2,1,0.0,0,charliehebdo,552825473160736768
1,19,20,16,0.2348,0,charliehebdo,552825512708808704
6,11,28,18,0.5001,0,charliehebdo,552825664307744769
1,4,5,1,0.1607,0,charliehebdo,552825739075022848
5,4,16,2,0.4486,0,charliehebdo,552825783337897984
3,17,29,7,0.6639,0,charliehebdo,552825844755083265
2,5,7,2,0.179,0,charliehebdo,552826060455550976
2,7,9,2,0.173,0,charliehebdo,552826150141960192
1,7,8,5,0.0469,0,charliehebdo,552826238407294977
4,13,23,3,0.1187,0,charliehebdo,552826270866616320
4,15,23,10,0.541,0,charliehebdo,552826443965927425
0,0,1,1,0.0,0,charliehebdo,552826524467216385
4,16,27,20,0.4319,0,charliehebdo,552826580741795840
2,13,18,3,0.2091,0,charliehebdo,552826581916594178
2,1,3,1,-0.0225,0,charliehebdo,552826724774592512
2,8,10,4,0.391,0,charliehebdo,552826876398292992
3,9,12,4,0.3728,0,charliehebdo,552826992509599744
1,12,13,7,0.3465,0,charliehebdo,552827008800280576
1,1,2,2,0.0,0,charliehebdo,552827029692104706
3,16,22,22,0.053,0,charliehebdo,552827117663436801
5,19,29,17,0.576,0,charliehebdo,552827123963281408
3,19,22,21,0.3752,0,charliehebdo,552827133500719104
3,16,21,10,0.4291,0,charliehebdo,552827164677373952
4,16,23,15,0.2493,0,charliehebdo,552827349667176448
2,14,17,8,0.5548,0,charliehebdo,552827553493565441
2,9,12,7,0.4955,0,charliehebdo,552827606715076608
0,0,1,1,0.0,0,charliehebdo,552827757164371968
5,12,17,1,0.3262,0,charliehebdo,552827819521085441
4,4,8,3,-0.2213,0,charliehebdo,552827825603219456
1,11,12,9,0.2978,0,charliehebdo,552827848734830592
4,3,9,6,0.2438,0,charliehebdo,552827966950866945
1,6,7,3,0.2719,0,charliehebdo,552827979093385216
2,10,13,3,0.4677,0,charliehebdo,552827981069291520
2,10,12,8,0.001,0,charliehebdo,552828280806850561
1,3,4,3,-0.0578,0,charliehebdo,552828308744699904
1,5,6,5,0.2779,0,charliehebdo,552828400843620353
2,17,19,5,0.3985,0,charliehebdo,552828504060874752
5,14,30,6,0.4135,0,charliehebdo,552828573896413185
8,9,43,10,0.5841,0,charliehebdo,552828811344359425
11,4,28,6,0.1032,0,charliehebdo,552828872379875328
3,17,21,8,0.6094,0,charliehebdo,552829011983089664
2,15,19,5,0.4864,0,charliehebdo,552829031075553281
2,17,20,20,-0.0646,0,charliehebdo,552829046485434368
2,8,11,4,0.0369,0,charliehebdo,552829082388660224
14,7,91,58,0.7138,0,charliehebdo,552829096816693248
3,15,22,13,0.4534,0,charliehebdo,552829129356496896
12,16,37,6,0.1468,0,charliehebdo,552829176018112513
12,5,24,6,0.5341,0,charliehebdo,552829217134505985
1,8,9,6,0.0738,0,charliehebdo,552829306439598080
2,17,22,2,0.2884,0,charliehebdo,552829395690201088
8,13,42,1,0.2067,0,charliehebdo,552829396265230336
2,17,20,11,0.4147,0,charliehebdo,552829481962835969
4,17,23,20,0.5761,0,charliehebdo,552829571750715392
1,3,4,2,0.0532,0,charliehebdo,552829622128500736
10,19,36,10,0.3778,0,charliehebdo,552829637215408128
19,5,76,5,0.6371,0,charliehebdo,552829734502297600
1,6,7,4,-0.0861,0,charliehebdo,552829904396775425
6,15,24,12,0.587,0,charliehebdo,552829971631472640
4,16,20,8,0.3222,0,charliehebdo,552830151650967552
4,11,15,12,0.3446,0,charliehebdo,552830433688571904
3,2,5,4,0.1845,0,charliehebdo,552830459273809920
2,13,15,6,0.3787,0,charliehebdo,552830521340723200
2,8,10,3,0.3179,0,charliehebdo,552830599002857472
2,7,10,4,0.2701,0,charliehebdo,552830668607348736
1,4,5,5,0.0875,0,charliehebdo,552830674357334016
5,12,42,3,0.6873,0,charliehebdo,552830781656428544
1,14,15,11,0.469,0,charliehebdo,552830850279424001
5,10,16,5,0.4862,0,charliehebdo,552830862585503746
1,8,9,1,0.3957,0,charliehebdo,552830966411321344
1,3,4,4,-0.1907,0,charliehebdo,552831101312303104
14,9,47,1,0.5595,0,charliehebdo,552831107985858560
3,10,14,9,0.4751,0,charliehebdo,552831197420994560
1,6,7,5,0.2623,0,charliehebdo,552831230735962113
4,9,15,10,0.2362,0,charliehebdo,552831266945794048
1,1,2,2,0.0,0,charliehebdo,552831420197261314
7,8,29,26,0.5322,0,charliehebdo,552831460236099586
1,2,3,1,-0.0358,0,charliehebdo,552831506041683970
19,8,52,7,0.0717,0,charliehebdo,552831515940634624
4,11,15,1,0.2575,0,charliehebdo,552831524002103297
1,3,4,4,-0.067,0,charliehebdo,552831624283693056
1,6,7,3,0.1213,0,charliehebdo,552831705351225344
1,11,12,1,0.4971,0,charliehebdo,552831761957523456
11,5,30,22,0.5441,0,charliehebdo,552831842232324097
1,9,10,2,0.3316,0,charliehebdo,552831974784905216
2,3,5,2,-0.1452,0,charliehebdo,552831978522021890
2,7,9,3,0.0827,0,charliehebdo,552832019940376576
4,12,21,17,-0.2611,0,charliehebdo,552832142397296641
5,16,29,8,0.3311,0,charliehebdo,552832169496694786
4,16,26,9,0.4822,0,charliehebdo,552832177138696192
3,4,10,8,0.3039,0,charliehebdo,552832232197746688
3,12,15,11,0.2728,0,charliehebdo,552832291601674240
5,14,20,9,0.4146,0,charliehebdo,552832584045330432
1,3,4,4,-0.5402,0,charliehebdo,552832721945628672
2,16,19,13,0.4028,0,charliehebdo,552832738542514176
2,8,10,3,0.4273,0,charliehebdo,552832784046108672
0,0,1,1,0.0,0,charliehebdo,552832996676730881
3,17,25,21,0.5342,0,charliehebdo,552833148128862208
5,12,20,9,-0.0709,0,charliehebdo,552833197084778496
3,10,19,8,0.4578,0,charliehebdo,552833236389199874
6,11,23,12,0.5128,0,charliehebdo,552833268362772481
7,13,23,20,0.4199,0,charliehebdo,552833393734721537
1,9,10,4,0.3588,0,charliehebdo,552833432540430337
2,16,20,6,0.1152,0,charliehebdo,552833483325059072
3,16,21,8,0.5089,0,charliehebdo,552833527444566016
1,12,13,3,0.1142,0,charliehebdo,552833658017824768
2,18,20,20,-0.1052,0,charliehebdo,552833662593400833
14,9,51,39,0.7036,0,charliehebdo,552833681111658496
3,14,23,4,0.4373,0,charliehebdo,552833795142209536
2,7,10,2,0.3518,0,charliehebdo,552833941930274816
2,3,5,3,0.1704,0,charliehebdo,552833942777511937
2,6,8,1,0.0955,0,charliehebdo,552834033600966657
1,19,20,14,0.2578,0,charliehebdo,552834182905221121
18,6,85,50,0.5738,0,charliehebdo,552834229722038273
2,6,8,5,0.0828,0,charliehebdo,552834411553886209
4,6,20,15,0.5763,0,charliehebdo,552834481183539201
2,19,22,14,0.3595,0,charliehebdo,552834501383290880
4,8,20,20,0.1497,0,charliehebdo,552834558706847745
5,15,29,3,0.4902,0,charliehebdo,552834559297867778
1,3,4,4,-0.3484,0,charliehebdo,552834623944671232
11,4,40,4,0.5772,0,charliehebdo,552834640692912128
8,10,22,15,0.1273,0,charliehebdo,552834732325879809
2,1,3,1,-0.023,0,charliehebdo,552834754056556544
4,6,12,4,0.4407,0,charliehebdo,552834808121163776
10,16,68,11,0.688,0,charliehebdo,552834842837409793
1,10,11,3,0.4097,0,charliehebdo,552834996265054208
1,4,5,4,-0.046,0,charliehebdo,552835109372825601
1,19,20,9,0.4838,0,charliehebdo,552835209285337089
12,12,24,9,0.4855,0,charliehebdo,552835221859483649
1,5,6,4,0.2612,0,charliehebdo,552835288725061635
1,2,3,1,-0.3155,0,charliehebdo,552835301547442176
5,10,17,12,0.5493,0,charliehebdo,552835339325558785
1,1,2,2,0.0,0,charliehebdo,552835385043062784
1,4,5,4,0.1657,0,charliehebdo,552835794646212608
2,18,20,19,0.0532,0,charliehebdo,552835854750605313
3,10,20,20,0.0419,0,charliehebdo,552835988540895232
1,6,7,1,0.0383,0,charliehebdo,552836095332081664
4,15,20,2,0.3112,0,charliehebdo,552836100814032896
1,1,2,1,0.0,0,charliehebdo,552836167029514240
2,16,18,1,0.4741,0,charliehebdo,552836204283326465
3,16,19,15,0.1786,0,charliehebdo,552836392678465537
1,2,3,1,-0.1839,0,charliehebdo,552836444835037184
1,8,9,3,0.4353,0,charliehebdo,552836516775354368
9,14,32,8,0.4248,0,charliehebdo,552836586191474689
8,11,37,8,0.6239,0,charliehebdo,552836695754678273
4,15,21,8,-0.0167,0,charliehebdo,552836775191019520
5,11,20,13,0.2546,0,charliehebdo,552836829234614272
2,16,18,13,0.4491,0,charliehebdo,552836844560609281
8,12,20,6,0.3424,0,charliehebdo,552836854085459968
1,18,19,9,0.4663,0,charliehebdo,552836898562265088
3,11,14,7,0.2088,0,charliehebdo,552836913091330051
3,6,9,4,0.061,0,charliehebdo,552836968410021888
4,6,10,1,0.154,0,charliehebdo,552836975741632514
2,21,23,10,0.3725,0,charliehebdo,552836985493409792
5,17,24,23,0.625,0,charliehebdo,552837012689264640
0,0,1,1,0.0,0,charliehebdo,552837016350912512
6,19,27,14,0.6171,0,charliehebdo,552837027616804864
2,17,20,7,0.2726,0,charliehebdo,552837035732381696
1,18,19,14,0.1036,0,charliehebdo,552837078854410241
2,7,10,8,0.1584,0,charliehebdo,552837086425128961
4,14,18,11,0.4372,0,charliehebdo,552837147305455616
0,0,1,1,0.0,0,charliehebdo,552837168482492416
3,10,13,3,0.5038,0,charliehebdo,552837190360006657
3,17,22,21,-0.0133,0,charliehebdo,552837268160135169
3,17,20,18,0.451,0,charliehebdo,552837310707171328
1,8,9,4,0.4055,0,charliehebdo,552837484221300736
7,9,42,21,0.6295,0,charliehebdo,552837499937378305
1,2,3,3,-0.0832,0,charliehebdo,552837527640363010
1,8,9,5,0.4245,0,charliehebdo,552837561119686656
2,15,21,10,0.2935,0,charliehebdo,552837599304622080
2,4,6,1,0.1258,0,charliehebdo,552837610897694720
7,7,30,6,0.5309,0,charliehebdo,552837644959621120
2,12,15,6,0.1022,0,charliehebdo,552837655105658880
5,14,20,11,0.5613,0,charliehebdo,552837775498964992
1,7,8,5,0.2544,0,charliehebdo,552837814946394112
19,4,98,8,0.5364,0,charliehebdo,552837907174948864
1,6,7,2,0.2639,0,charliehebdo,552838074636718080
0,0,1,1,0.0,0,charliehebdo,552838105422913538
6,9,23,5,0.3859,0,charliehebdo,552838134627860480
4,16,26,3,0.2768,0,charliehebdo,552838171323817984
1,17,18,12,0.3667,0,charliehebdo,552838203078873089
1,2,3,3,-0.0235,0,charliehebdo,552838203276021760
17,10,57,14,0.4277,0,charliehebdo,552838287929663489
7,13,33,4,0.4925,0,charliehebdo,552838324977545216
2,16,20,20,-0.0206,0,charliehebdo,552838341843226624
1,2,3,2,-0.0217,0,charliehebdo,552838440103198720
14,12,33,7,0.4037,0,charliehebdo,552838479844216833
3,15,21,6,0.0854,0,charliehebdo,552838559393013760
2,10,12,10,0.4769,0,charliehebdo,552838568717344769
2,6,8,4,-0.1422,0,charliehebdo,552838613877411840
1,2,3,3,-0.5786,0,charliehebdo,552838710296080384
2,5,7,5,0.2453,0,charliehebdo,552839028350136320
4,3,12,6,0.3077,0,charliehebdo,552839103214288896
2,8,10,2,0.2925,0,charliehebdo,552839167575883776
2,15,18,9,0.3856,0,charliehebdo,552839190921351168
2,5,7,3,0.1167,0,charliehebdo,552839270395035649
0,0,1,1,0.0,0,charliehebdo,552839289919533056
1,6,7,5,0.3092,0,charliehebdo,552839385209917440
1,12,13,2,0.2841,0,charliehebdo,552839416620658688
7,15,30,13,0.5002,0,charliehebdo,552839518974660608
4,12,20,6,0.2776,0,charliehebdo,552839800433410049
2,17,21,20,0.1828,0,charliehebdo,552839843999645697
5,10,22,14,0.452,0,charliehebdo,552839869387399168
0,0,1,1,0.0,0,charliehebdo,552839936521830401
8,4,13,3,0.49,0,charliehebdo,552839972911611904
3,4,8,1,0.2531,0,charliehebdo,552839975843016706
3,12,15,8,0.4171,0,charliehebdo,552840037642297345
2,6,8,5,0.408,0,charliehebdo,552840067199533057
2,16,20,10,0.3126,0,charliehebdo,552840155728736256
2,17,20,13,0.0808,0,charliehebdo,552840606074953728
0,0,1,1,0.0,0,charliehebdo,552840728116994049
2,11,13,9,0.3013,0,charliehebdo,552840740007866368
6,17,28,16,0.5627,0,charliehebdo,552840805678084096
1,8,9,5,0.3945,0,charliehebdo,552840905213083648
2,18,21,9,0.404,0,charliehebdo,552840964025626624
3,8,13,8,0.348,0,charliehebdo,552841006799159296
3,17,23,22,0.6118,0,charliehebdo,552841043423805440
4,16,20,14,0.4948,0,charliehebdo,552841049467400192
1,4,5,4,0.1323,0,charliehebdo,552841157785694208
6,12,39,20,0.5558,0,charliehebdo,552841185199263745
4,11,16,9,0.5645,0,charliehebdo,552841287670308865
5,9,23,13,0.5015,0,charliehebdo,552841460681572352
5,12,29,19,0.1774,0,charliehebdo,552841477819473920
13,7,43,2,0.2784,0,charliehebdo,552841562963464195
1,3,4,1,0.0795,0,charliehebdo,552841583251701761
1,6,7,2,0.0157,0,charliehebdo,552841650582847488
1,13,14,8,0.2083,0,charliehebdo,552841684485414914
2,8,10,6,0.4556,0,charliehebdo,552842042242789377
2,3,5,1,0.1226,0,charliehebdo,552842140188147712
8,17,25,25,-0.1552,0,charliehebdo,552842236883652609
7,11,23,17,0.0522,0,charliehebdo,552842342143905794
3,11,17,7,0.569,0,charliehebdo,552842580929826816
2,14,17,10,-0.0106,0,charliehebdo,552842614555545600
17,5,40,1,0.6099,0,charliehebdo,552842642216988672
1,4,5,3,-0.0325,0,charliehebdo,552842755454799872
3,15,20,10,0.4482,0,charliehebdo,552842761565904896
5,17,43,11,0.7168,0,charliehebdo,552842814061424640
1,9,10,2,0.2329,0,charliehebdo,552842837516386304
2,18,21,10,0.5017,0,charliehebdo,552842983247466497
1,5,6,3,0.2682,0,charliehebdo,552843136238899200
10,29,68,8,0.5826,0,charliehebdo,552843174218321921
0,0,1,1,0.0,0,charliehebdo,552843236797349889
5,19,25,5,0.5185,0,charliehebdo,552843285468020736
1,4,5,3,-0.0048,0,charliehebdo,552843349246619648
9,5,27,2,0.4928,0,charliehebdo,552844023996907520
7,11,20,6,0.068,0,charliehebdo,552844100224172034
18,15,47,11,0.6642,0,charliehebdo,552844104418091008
1,8,9,4,0.1913,0,charliehebdo,552844167681159169
2,18,20,16,0.1613,0,charliehebdo,552844311096983552
4,14,28,7,0.3176,0,charliehebdo,552844436460560384
2,17,22,20,0.6205,0,charliehebdo,552844593046097920
5,5,23,3,0.4994,0,charliehebdo,552844643097120768
1,1,2,2,0.0,0,charliehebdo,552844767281688577
3,8,12,6,0.3215,0,charliehebdo,552844893148938240
4,4,10,8,0.2625,0,charliehebdo,552845017208061953
2,17,20,9,0.0041,0,charliehebdo,552845028130037760
5,14,25,24,0.218,0,charliehebdo,552845191003250688
2,10,14,11,0.4177,0,charliehebdo,552845250268766209
2,2,4,4,-0.4452,0,charliehebdo,552845255796461569
5,10,16,14,0.4271,0,charliehebdo,552845267289247744
3,16,24,19,0.5051,0,charliehebdo,552845393541988352
4,18,22,14,0.3583,0,charliehebdo,552845542536261634
3,15,21,17,0.4128,0,charliehebdo,552845654637436928
4,15,24,22,0.2749,0,charliehebdo,552845671477153793
13,6,56,9,0.5637,0,charliehebdo,552845711289909248
3,17,23,16,0.4723,0,charliehebdo,552845840247971842
18,13,50,13,0.3004,0,charliehebdo,552845868932800512
1,6,7,2,0.0683,0,charliehebdo,552846287314640897
9,8,28,7,0.6381,0,charliehebdo,552846337746952194
1,1,2,1,0.0,0,charliehebdo,552846353416867841
3,7,11,7,0.2517,0,charliehebdo,552846463467024384
5,14,20,10,0.2886,0,charliehebdo,552846544320618496
0,0,1,1,0.0,0,charliehebdo,552846565950627840
1,4,5,5,-0.0693,0,charliehebdo,552846625467817984
0,0,1,1,0.0,0,charliehebdo,552846698524184576
19,12,109,34,0.7477,0,charliehebdo,552846811359350788
3,17,20,10,0.1418,0,charliehebdo,552846874432909312
1,19,20,20,-0.076,0,charliehebdo,552846886626164736
1,7,8,6,-0.617,0,charliehebdo,552846893588709376
0,0,1,1,0.0,0,charliehebdo,552846905819291649
1,3,4,3,-0.1406,0,charliehebdo,552846938677059586
1,5,6,2,-0.1896,0,charliehebdo,552847035108323329
7,13,31,11,0.0358,0,charliehebdo,552847218403581953
7,14,35,12,0.2684,0,charliehebdo,552847230693310466
1,4,5,2,0.1923,0,charliehebdo,552847251207241728
5,9,24,10,0.2259,0,charliehebdo,552847370489430017
2,14,16,1,0.1765,0,charliehebdo,552847427410341890
3,15,25,7,0.2821,0,charliehebdo,552847488571678720
2,8,10,6,0.4215,0,charliehebdo,552847505763737600
5,17,31,2,0.5092,0,charliehebdo,552847548776742914
3,13,18,14,0.5712,0,charliehebdo,552847627319259137
5,18,29,20,0.4376,0,charliehebdo,552847905498103808
0,0,1,1,0.0,0,charliehebdo,552847959864274944
1,1,2,2,0.0,0,charliehebdo,552848013778251777
1,8,9,6,0.3124,0,charliehebdo,552848426812313600
19,17,66,3,0.5082,0,charliehebdo,552848478196736000
19,21,137,69,0.6798,0,charliehebdo,552848590373392384
2,13,16,12,0.2943,0,charliehebdo,552848653132767232
14,14,40,26,0.6805,0,charliehebdo,552848653980033025
3,4,8,5,0.3175,0,charliehebdo,552848701312737280
1,2,3,2,-0.1255,0,charliehebdo,552848704819183616
1,2,3,3,-0.3944,0,charliehebdo,552848726197559296
1,2,3,1,-0.0433,0,charliehebdo,552848961372176384
2,8,10,4,0.342,0,charliehebdo,552849116280393728
7,19,77,13,0.4766,0,charliehebdo,552849157694947328
3,19,29,12,-0.1067,0,charliehebdo,552849194944167936
2,16,20,13,0.4235,0,charliehebdo,552849248182865920
1,8,9,2,0.2965,0,charliehebdo,552849316021551105
1,3,4,4,-0.2811,0,charliehebdo,552849515271958528
1,11,12,3,0.1461,0,charliehebdo,552849585899462659
3,15,22,17,0.6291,0,charliehebdo,552849662991151104
11,9,42,17,0.3697,0,charliehebdo,552849797892542464
19,14,100,2,0.6148,0,charliehebdo,552849865680494595
1,12,13,7,0.4545,0,charliehebdo,552849968546213888
1,4,5,1,-0.2807,0,charliehebdo,552850022271033344
3,6,10,6,0.4741,0,charliehebdo,552850079074099201
2,10,12,5,0.3708,0,charliehebdo,552850092806258690
1,2,3,1,-0.3387,0,charliehebdo,552850116324130816
11,4,20,1,0.3021,0,charliehebdo,552850282410176512
1,17,18,3,0.5703,0,charliehebdo,552850379453366272
2,19,22,9,0.2399,0,charliehebdo,552850514132873217
3,16,21,7,0.5852,0,charliehebdo,552850533523136513
1,1,2,2,0.0,0,charliehebdo,552850599168196608
3,10,14,11,-0.0644,0,charliehebdo,552850603714826241
1,1,2,2,0.0,0,charliehebdo,552850611524599808
1,8,9,3,0.3695,0,charliehebdo,552850725467082752
9,13,42,17,0.1292,0,charliehebdo,552850925510225920
6,11,27,12,0.5987,0,charliehebdo,552851189675470849
4,20,24,12,0.3729,0,charliehebdo,552851305023414272
5,6,22,6,-0.0508,0,charliehebdo,552851421155299328
1,2,3,3,-0.2544,0,charliehebdo,552851433247477760
3,14,20,9,0.2824,0,charliehebdo,552851546384646145
9,12,34,17,-0.2114,0,charliehebdo,552851629624803328
10,15,53,9,0.4858,0,charliehebdo,552851679905734657
2,18,22,1,0.5794,0,charliehebdo,552851710880653312
2,18,20,10,0.2207,0,charliehebdo,552851772658561028
3,5,8,6,0.3339,0,charliehebdo,552851838928953344
4,7,12,8,0.383,0,charliehebdo,552851847581413377
2,9,11,8,0.2093,0,charliehebdo,552978030935941120
3,8,13,8,0.3316,0,charliehebdo,552978225010184193
2,18,20,17,0.188,0,charliehebdo,552978225094078464
1,5,6,4,0.244,0,charliehebdo,552978385572732928
4,12,22,1,0.4917,0,charliehebdo,552978435090681856
1,1,2,1,0.0,0,charliehebdo,552978519328686080
2,5,7,6,0.0172,0,charliehebdo,552978586559188992
2,15,18,8,0.3521,0,charliehebdo,552978642968780800
1,9,10,4,0.2881,0,charliehebdo,552978972963643392
1,5,6,4,0.163,0,charliehebdo,552979275776032768
9,13,32,8,0.5901,0,charliehebdo,552979420227842048
19,11,83,16,0.7625,0,charliehebdo,552979466050613248
1,19,20,13,0.3683,0,charliehebdo,552979571021447168
2,9,11,3,0.4319,0,charliehebdo,552979992603533312
1,3,4,2,0.1619,0,charliehebdo,552980288394231809
2,4,6,5,0.2261,0,charliehebdo,552980299769200640
4,8,23,8,0.607,0,charliehebdo,552980557836337152
2,18,21,18,0.2452,0,charliehebdo,552980632432050177
1,10,11,7,0.4141,0,charliehebdo,552980714610634753
2,3,6,1,0.3236,0,charliehebdo,552980760500916225
6,5,16,5,0.3023,0,charliehebdo,552980862774808577
1,19,20,13,0.2565,0,charliehebdo,552981008518500353
5,11,22,9,0.4398,0,charliehebdo,552981296839131136
3,17,22,20,0.3619,0,charliehebdo,552981531023921153
2,17,21,6,0.1873,0,charliehebdo,552981694979248128
14,7,38,3,0.4953,0,charliehebdo,552981889619722241
3,14,26,10,0.3896,0,charliehebdo,552982124274647042
1,3,4,2,0.0427,0,charliehebdo,552982263907241984
2,15,17,6,0.2557,0,charliehebdo,552982560146726912
4,13,21,20,0.6058,0,charliehebdo,552982635178635265
3,4,8,1,0.0639,0,charliehebdo,552982669840355329
2,15,18,9,0.3799,0,charliehebdo,552982813671043072
2,5,7,4,-0.0179,0,charliehebdo,552982816045408256
1,3,4,1,0.1329,0,charliehebdo,552982828963856384
11,9,26,6,0.461,0,charliehebdo,552982908865368064
1,3,4,2,0.1666,0,charliehebdo,552983003308515328
2,4,7,3,0.0546,0,charliehebdo,552983300730404864
2,12,14,9,0.3003,0,charliehebdo,552983656231628800
2,10,14,9,0.4361,0,charliehebdo,552983966932688897
2,15,22,7,0.5996,0,charliehebdo,552984231748829184
1,3,4,3,0.1371,0,charliehebdo,552984474729062401
2,13,16,8,0.423,0,charliehebdo,552984511051751425
1,7,8,3,0.2306,0,charliehebdo,552984527295873024
1,5,6,1,0.1591,0,charliehebdo,552984798671945728
2,8,10,3,0.168,0,charliehebdo,552984940900384769
18,5,27,5,0.2441,0,charliehebdo,552985297307598848
2,15,17,6,0.5129,0,charliehebdo,552985339011153920
8,6,34,17,0.5258,0,charliehebdo,552985389523148802
1,7,8,6,0.2077,0,charliehebdo,552985973445783552
3,2,5,3,-0.1176,0,charliehebdo,552986374765563904
1,12,13,5,0.0078,0,charliehebdo,553096943455727617
3,15,23,13,0.6117,0,charliehebdo,553096978788515840
2,9,11,6,0.3568,0,charliehebdo,553097004138913792
1,6,7,4,0.2446,0,charliehebdo,553098785132670976
1,16,17,6,0.4948,0,charliehebdo,553098796108750848
11,7,23,19,-0.0518,0,charliehebdo,553098799380717568
1,8,9,5,0.2903,0,charliehebdo,553099050409807872
2,15,18,7,0.41,0,charliehebdo,553099479381848064
3,12,20,13,0.3367,0,charliehebdo,553099800951136256
19,6,141,88,0.781,0,charliehebdo,553100203239428097
2,8,10,8,0.4051,0,charliehebdo,553100279089205249
1,9,10,3,0.3433,0,charliehebdo,553100922268942336
7,10,24,9,0.4474,0,charliehebdo,553100996855885824
1,6,7,3,-0.0785,0,charliehebdo,553101388926840832
1,2,3,3,-0.4804,0,charliehebdo,553101451271352320
2,11,17,7,0.3037,0,charliehebdo,553101858013581313
3,12,16,5,0.2387,0,charliehebdo,553102562665050112
1,6,7,4,-0.1559,0,charliehebdo,553102828743716864
1,3,4,2,0.1265,0,charliehebdo,553103134210666497
1,5,6,4,0.0575,0,charliehebdo,553103832717094912
1,3,4,2,0.1412,0,charliehebdo,553104539898089472
1,7,8,5,0.2122,0,charliehebdo,553104721503088640
3,17,21,10,0.3132,0,charliehebdo,553105121526427649
4,12,27,14,0.4636,0,charliehebdo,553105208008773632
14,7,49,18,0.6202,0,charliehebdo,553105460887572480
1,3,4,1,-0.0742,0,charliehebdo,553105493255000065
1,4,5,2,-0.1931,0,charliehebdo,553105942460760064
3,16,22,21,0.6125,0,charliehebdo,553106200242700289
6,13,26,15,0.5187,0,charliehebdo,553106334607228928
4,13,17,11,0.2912,0,charliehebdo,553106714682462209
1,10,11,6,0.2882,0,charliehebdo,553106869615472640
1,5,6,2,0.0821,0,charliehebdo,553107688591089664
4,18,23,13,0.4469,0,charliehebdo,553107939926736896
1,2,3,2,-0.7949,0,charliehebdo,553108153915944961
7,6,21,6,0.4545,0,charliehebdo,553108170726719488
2,12,14,5,0.394,0,charliehebdo,553108242856177664
1,7,8,4,0.1387,0,charliehebdo,553108804934856704
2,17,21,4,0.3802,0,charliehebdo,553109319764291584
0,0,1,1,0.0,0,charliehebdo,553109369886633984
6,17,24,2,0.5663,0,charliehebdo,553109813807575040
3,5,8,3,0.1882,0,charliehebdo,553110609513177088
1,4,5,1,0.0051,0,charliehebdo,553110751238701058
3,9,12,2,0.4172,0,charliehebdo,553110780745629696
19,16,52,17,0.482,0,charliehebdo,553110783761338368
19,7,84,21,0.7075,0,charliehebdo,553111157738057728
16,14,59,11,0.5655,0,charliehebdo,553111553235361792
5,18,25,15,0.3846,0,charliehebdo,553111820786204672
12,8,96,23,0.5983,0,charliehebdo,553112060788473856
3,8,15,3,0.1983,0,charliehebdo,553112230292496384
1,15,16,8,0.5235,0,charliehebdo,553113395487330304
7,8,36,9,0.4876,0,charliehebdo,553113509152952321
4,5,9,3,0.4354,0,charliehebdo,553113536625664000
4,9,16,3,0.5011,0,charliehebdo,553113938091462656
0,0,1,1,0.0,0,charliehebdo,553113944219320320
4,4,9,7,0.2018,0,charliehebdo,553114158989074432
3,17,21,7,0.4277,0,charliehebdo,553114307383541761
2,7,9,4,0.0039,0,charliehebdo,553115176057065473
3,16,23,10,0.467,0,charliehebdo,553115341338198016
3,16,21,16,0.6069,0,charliehebdo,553115396006764544
1,9,10,7,0.2232,0,charliehebdo,553115926531674112
2,18,21,2,0.1089,0,charliehebdo,553116149333114880
1,10,11,8,0.2064,0,charliehebdo,553116528074575872
13,10,47,6,0.1791,0,charliehebdo,553117423906590720
1,7,8,4,-0.1906,0,charliehebdo,553117500410716160
6,9,26,10,0.4537,0,charliehebdo,553117623568068608
1,1,2,1,0.0,0,charliehebdo,553117778870169600
1,11,12,3,0.3421,0,charliehebdo,553117857609809920
2,15,17,3,0.1176,0,charliehebdo,553118212813246464
1,9,10,5,0.3333,0,charliehebdo,553118384540643328
1,8,9,6,0.1665,0,charliehebdo,553118438332571648
6,10,27,1,0.4262,0,charliehebdo,553119235904643072
2,5,7,3,-0.0158,0,charliehebdo,553119505887395840
1,13,14,1,0.2396,0,charliehebdo,553120696910364673
4,17,23,15,0.5642,0,charliehebdo,553120849231089664
1,3,4,2,-0.2584,0,charliehebdo,553121522769219584
1,19,20,18,0.1196,0,charliehebdo,553121581187485696
2,7,12,4,-0.0493,0,charliehebdo,553122276913471488
2,17,21,17,0.6163,0,charliehebdo,553122359398260736
3,4,8,4,0.3774,0,charliehebdo,553123078541434880
1,15,16,5,0.3008,0,charliehebdo,553123958602862593
1,5,6,3,-0.0419,0,charliehebdo,553124563266306048
0,0,1,1,0.0,0,charliehebdo,553124783043649537
1,19,20,11,0.1819,0,charliehebdo,553124985137815552
1,4,5,2,-0.0366,0,charliehebdo,553124985900785666
9,9,37,19,0.333,0,charliehebdo,553125301090525185
2,8,10,1,0.2989,0,charliehebdo,553125364520992768
1,1,2,1,0.0,0,charliehebdo,553125384246804480
2,16,20,4,0.3987,0,charliehebdo,553126044375732224
2,14,16,10,0.309,0,charliehebdo,553126072905383936
1,6,7,3,0.0977,0,charliehebdo,553126492579053568
0,0,1,1,0.0,0,charliehebdo,553126517027262465
2,17,20,8,0.3458,0,charliehebdo,553126517187047424
2,3,7,1,0.1598,0,charliehebdo,553126953268834304
4,12,21,4,0.197,0,charliehebdo,553127086706397185
4,6,11,10,0.1082,0,charliehebdo,553127274829328385
2,17,20,15,0.3268,0,charliehebdo,553127508150071297
8,10,22,3,0.5521,0,charliehebdo,553127546129117184
3,19,24,16,0.019,0,charliehebdo,553127632947396609
1,10,11,6,0.3964,0,charliehebdo,553127899033640960
18,12,74,2,0.7703,0,charliehebdo,553128245420257280
8,7,26,10,0.1744,0,charliehebdo,553128325217275905
1,2,3,3,-0.5378,0,charliehebdo,553128548526227456
1,1,2,1,0.0,0,charliehebdo,553129117215100928
2,6,9,3,-0.0161,0,charliehebdo,553129378969047043
1,2,3,1,-0.5834,0,charliehebdo,553129478008758272
4,15,22,11,0.0671,0,charliehebdo,553129811850559488
1,1,2,1,0.0,0,charliehebdo,553130475032563712
4,15,24,6,0.5973,0,charliehebdo,553131554743287808
2,1,3,3,-0.2301,0,charliehebdo,553131557892804609
3,10,15,13,0.3445,0,charliehebdo,553131566172737536
1,8,9,4,0.273,0,charliehebdo,553131713376047104
3,17,22,13,0.5384,0,charliehebdo,553131763468603392
2,17,20,8,0.2554,0,charliehebdo,553131791553667072
1,4,5,1,0.2258,0,charliehebdo,553131797379551232
3,6,11,8,0.1426,0,charliehebdo,553132534771744768
9,15,30,11,0.6212,0,charliehebdo,553132714446950400
2,7,9,4,0.1656,0,charliehebdo,553132819237462016
6,18,27,14,0.5466,0,charliehebdo,553133048611753984
10,4,20,8,0.2765,0,charliehebdo,553133340795363328
1,9,10,9,0.0976,0,charliehebdo,553134790925619201
2,19,21,21,0.031,0,charliehebdo,553135106609922049
3,6,13,5,0.5162,0,charliehebdo,553135255583219712
4,19,23,20,0.4664,0,charliehebdo,553135802495270913
2,7,10,2,0.1931,0,charliehebdo,553135886859534336
2,5,7,4,-0.0439,0,charliehebdo,553135991083769856
0,0,1,1,0.0,0,charliehebdo,553136053112950785
3,25,31,15,0.48,0,charliehebdo,553136237083889664
19,6,46,3,0.6361,0,charliehebdo,553136990787342336
0,0,1,1,0.0,0,charliehebdo,553137068688543744
2,15,20,9,0.2352,0,charliehebdo,553137476135432194
10,12,23,6,0.629,0,charliehebdo,553137557601812480
5,8,20,9,0.2811,0,charliehebdo,553137601457426433
1,8,9,5,0.4436,0,charliehebdo,553137713163943936
2,8,11,2,0.3205,0,charliehebdo,553138330557108224
1,1,2,2,0.0,0,charliehebdo,553138598980370433
1,10,11,7,0.1392,0,charliehebdo,553139058827096064
1,11,12,6,0.4208,0,charliehebdo,553139285717950465
0,0,1,1,0.0,0,charliehebdo,553139515171557376
1,1,2,1,0.0,0,charliehebdo,553139573019406336
1,8,9,7,0.2709,0,charliehebdo,553140194606469121
4,9,19,8,0.5229,0,charliehebdo,553140461540343808
1,15,16,8,0.3069,0,charliehebdo,553140613051215873
6,15,24,15,-0.1442,0,charliehebdo,553141935482093568
5,9,24,12,0.4651,0,charliehebdo,553142344166301696
1,8,9,5,0.0295,0,charliehebdo,553143017922912256
5,8,21,1,0.2935,0,charliehebdo,553143179038715904
1,5,6,4,0.2671,0,charliehebdo,553143415899451393
1,4,5,4,-0.1596,0,charliehebdo,553143519536500738
12,8,101,9,0.6801,0,charliehebdo,553143905039159297
1,8,9,2,0.2892,0,charliehebdo,553143987377561600
1,4,5,3,-0.1385,0,charliehebdo,553144384737525762
3,12,20,4,0.3959,0,charliehebdo,553144428584398850
1,5,6,5,-0.0877,0,charliehebdo,553144448452792321
2,8,13,10,0.4894,0,charliehebdo,553144889811402752
1,2,3,3,-0.2555,0,charliehebdo,553144928721973248
6,16,25,14,0.4835,0,charliehebdo,553144964168036352
1,1,2,2,0.0,0,charliehebdo,553145034720030720
1,14,15,5,0.1127,0,charliehebdo,553145130354765824
2,12,14,4,0.2478,0,charliehebdo,553145137086607360
3,7,10,4,0.3352,0,charliehebdo,553145236268916736
4,12,25,14,0.459,0,charliehebdo,553145422097969152
2,11,14,10,0.3211,0,charliehebdo,553145603665186816
1,1,2,1,0.0,0,charliehebdo,553145690424344576
1,5,6,5,0.2937,0,charliehebdo,553145736045801472
5,13,26,20,0.6508,0,charliehebdo,553145755079569408
5,10,29,7,0.4787,0,charliehebdo,553145759961714688
2,6,8,4,0.041,0,charliehebdo,553145830761594880
8,5,16,3,0.571,0,charliehebdo,553145859089920000
0,0,1,1,0.0,0,charliehebdo,553146117685522433
3,14,20,11,0.2532,0,charliehebdo,553146248652681217
1,6,7,4,0.0333,0,charliehebdo,553146494271094784
2,4,6,2,0.1782,0,charliehebdo,553146691344695297
2,16,20,15,-0.0196,0,charliehebdo,553147034707165185
1,7,8,6,0.2824,0,charliehebdo,553147120942084096
3,12,16,13,-0.0,0,charliehebdo,553147341470203906
4,14,23,12,0.4813,0,charliehebdo,553147368913506304
1,2,3,2,-0.0737,0,charliehebdo,553148339160907776
5,17,25,11,0.5752,0,charliehebdo,553148844574511104
11,17,37,6,0.5899,0,charliehebdo,553148900811759617
6,9,23,9,0.3623,0,charliehebdo,553148926459920386
9,12,31,12,0.5154,0,charliehebdo,553148970651107329
4,11,19,5,0.4802,0,charliehebdo,553148984509100032
1,1,2,2,0.0,0,charliehebdo,553149163181838336
1,9,10,3,0.214,0,charliehebdo,553149253363576832
2,16,18,7,0.5573,0,charliehebdo,553149347777753088
1,11,12,4,0.3122,0,charliehebdo,553149508637708288
2,18,22,19,0.4479,0,charliehebdo,553149880693456896
1,1,2,1,0.0,0,charliehebdo,553151132949053440
1,17,18,15,0.3097,0,charliehebdo,553151201253294080
1,6,7,5,0.0197,0,charliehebdo,553151328009351169
1,13,14,5,0.2892,0,charliehebdo,553151506556653568
1,9,10,8,0.188,0,charliehebdo,553151670796820480
0,0,1,1,0.0,0,charliehebdo,553151691512492033
5,10,21,11,0.5251,0,charliehebdo,553151700950065152
2,14,16,7,0.26,0,charliehebdo,553151749008424960
2,2,4,3,0.1325,0,charliehebdo,553151804046082048
2,11,20,6,0.4599,0,charliehebdo,553151980928262144
0,0,1,1,0.0,0,charliehebdo,553152208691539968
3,14,20,13,0.341,0,charliehebdo,553152400832606208
1,3,4,3,-0.201,0,charliehebdo,553152448077258753
4,16,22,9,0.4315,0,charliehebdo,553152515701612544
4,14,20,14,0.3255,0,charliehebdo,553152675014246400
5,5,11,2,0.0565,0,charliehebdo,553152831050362882
16,9,32,4,0.6349,0,charliehebdo,553153073481535489
10,8,37,4,0.5065,0,charliehebdo,553153190859141120
13,9,33,8,0.6857,0,charliehebdo,553153731471364096
1,7,8,3,0.0911,0,charliehebdo,553153740925304832
1,12,13,5,0.2158,0,charliehebdo,553155289235881984
1,5,6,4,0.3153,0,charliehebdo,553155430055440384
1,11,12,4,0.2685,0,charliehebdo,553155988917075968
10,9,21,11,0.0307,0,charliehebdo,553156573607251968
1,4,5,3,0.2158,0,charliehebdo,553156988356820992
4,17,22,13,0.5278,0,charliehebdo,553157114156560385
1,5,6,2,-0.1056,0,charliehebdo,553157352091025408
3,14,21,6,0.3826,0,charliehebdo,553157384714342400
2,7,10,8,0.4058,0,charliehebdo,553157600225677312
3,18,25,18,0.5455,0,charliehebdo,553157600704204800
8,13,30,1,0.4658,0,charliehebdo,553157744061325312
1,19,20,20,-0.1638,0,charliehebdo,553157857215262721
1,15,16,1,0.3403,0,charliehebdo,553158824979619840
1,5,6,6,-0.3619,0,charliehebdo,553158826435018752
2,5,7,3,0.0863,0,charliehebdo,553159290987364352
1,1,2,1,0.0,0,charliehebdo,553159409476837376
1,10,11,7,0.3239,0,charliehebdo,553159439457341442
2,19,23,22,0.6408,0,charliehebdo,553159773555023872
5,15,25,20,0.4902,0,charliehebdo,553159810179661826
1,3,4,1,-0.5904,0,charliehebdo,553160213839486976
8,8,34,18,0.5659,0,charliehebdo,553160244847984640
1,9,10,8,0.1561,0,charliehebdo,553160898399834112
1,5,6,5,0.1349,0,charliehebdo,553160909208559616
2,6,8,6,0.1805,0,charliehebdo,553161360503500801
1,5,6,4,-0.226,0,charliehebdo,553161401733496832
4,7,15,1,0.2293,0,charliehebdo,553161458931236864
2,10,12,3,0.2639,0,charliehebdo,553161476928978944
5,12,26,19,0.56,0,charliehebdo,553161912968417280
15,8,54,2,0.2606,0,charliehebdo,553162401940770816
7,12,35,23,0.4845,0,charliehebdo,553162459885096962
2,17,20,11,0.2006,0,charliehebdo,553162589744926720
3,14,19,2,0.2414,0,charliehebdo,553162815402672128
2,15,18,2,0.4941,0,charliehebdo,553163190138580992
6,15,26,7,0.4407,0,charliehebdo,553163210715844608
3,13,16,8,0.36,0,charliehebdo,553163344577064960
2,16,18,13,0.5315,0,charliehebdo,553163722378977282
1,10,11,8,0.2523,0,charliehebdo,553163862707818496
9,7,42,12,0.4254,0,charliehebdo,553164185006534656
2,18,20,18,0.2221,0,charliehebdo,553164303650799616
3,5,11,3,0.3812,0,charliehebdo,553164381673259008
1,17,18,15,0.1675,0,charliehebdo,553164722380742656
3,5,13,12,0.2366,0,charliehebdo,553165231275663361
1,9,10,8,0.2564,0,charliehebdo,553165418639413248
19,10,43,19,-0.0553,0,charliehebdo,553165538499641344
3,6,9,3,-0.004,0,charliehebdo,553165824979386368
6,16,31,10,0.4798,0,charliehebdo,553166152344829952
5,9,38,11,0.5757,0,charliehebdo,553166766977740801
5,7,14,3,0.5179,0,charliehebdo,553166907596365824
5,4,9,3,0.2396,0,charliehebdo,553168646051475456
4,19,24,11,0.287,0,charliehebdo,553168698677030913
2,9,11,3,0.4242,0,charliehebdo,553168792017457154
1,1,2,1,0.0,0,charliehebdo,553169114102247424
2,6,8,4,0.2211,0,charliehebdo,553169577228926976
3,14,21,16,0.1052,0,charliehebdo,553169622762262529
8,16,25,12,0.2414,0,charliehebdo,553170912129056770
4,16,23,20,0.531,0,charliehebdo,553170984824733698
1,16,17,6,0.3915,0,charliehebdo,553171056589279233
1,18,19,13,0.5522,0,charliehebdo,553171741804359680
8,15,24,12,0.005,0,charliehebdo,553171841913602048
2,11,14,10,0.214,0,charliehebdo,553171877464920064
1,2,3,2,-0.3621,0,charliehebdo,553171989385728000
4,15,22,16,0.4851,0,charliehebdo,553172148085620738
1,3,4,2,0.052,0,charliehebdo,553172543470043136
2,14,16,4,0.4623,0,charliehebdo,553172609211596800
2,8,10,5,0.4496,0,charliehebdo,553172769819852800
1,3,4,4,-0.2157,0,charliehebdo,553172900270727169
2,10,12,1,0.2457,0,charliehebdo,553173371043995648
5,17,29,23,0.4654,0,charliehebdo,553173501369389056
3,13,20,19,0.3544,0,charliehebdo,553173654121742336
1,10,11,2,0.4954,0,charliehebdo,553174247506706432
19,16,205,53,0.8212,0,charliehebdo,553174338380517376
2,22,24,18,0.5718,0,charliehebdo,553174353735872512
2,11,13,11,0.3357,0,charliehebdo,553174536028303360
2,10,12,9,0.2163,0,charliehebdo,553174607604482048
3,4,7,1,0.0227,0,charliehebdo,553174639158231041
2,12,14,12,0.4736,0,charliehebdo,553174713061892097
1,19,20,13,0.14,0,charliehebdo,553174789561389056
1,20,21,9,0.2241,0,charliehebdo,553175336926449664
3,15,21,14,0.1116,0,charliehebdo,553175451506855936
1,10,11,7,0.2425,0,charliehebdo,553175550231986177
2,16,18,12,0.5527,0,charliehebdo,553175714128990208
1,7,8,7,-0.0152,0,charliehebdo,553176976698376192
7,22,32,19,0.5176,0,charliehebdo,553177082566836225
12,7,70,11,0.6282,0,charliehebdo,553177099843149824
1,14,15,10,0.5159,0,charliehebdo,553177321218514944
0,0,1,1,0.0,0,charliehebdo,553177465883873280
2,15,18,10,0.4492,0,charliehebdo,553177822312013825
1,11,12,9,0.4354,0,charliehebdo,553177833686589440
5,12,23,20,0.6294,0,charliehebdo,553178273895956480
9,8,17,16,0.4569,0,charliehebdo,553178341596233728
7,10,31,17,0.5935,0,charliehebdo,553180005514366976
1,5,6,4,-0.0244,0,charliehebdo,553180071775993857
19,8,59,24,0.6082,0,charliehebdo,553180236591169536
1,8,9,5,0.1745,0,charliehebdo,553180503969644544
2,4,6,2,-0.0779,0,charliehebdo,553180729254113280
10,13,41,1,0.6841,0,charliehebdo,553181386069143552
2,4,6,4,0.1164,0,charliehebdo,553181500104269824
1,4,5,5,0.1557,0,charliehebdo,553181586829484034
10,5,47,9,0.6507,0,charliehebdo,553181899662049281
10,6,20,1,0.508,0,charliehebdo,553181902543126529
19,5,32,7,0.0165,0,charliehebdo,553181997041217537
6,9,15,6,0.5158,0,charliehebdo,553182566564757504
3,16,21,3,0.0451,0,charliehebdo,553182889379397632
1,19,20,11,0.2195,0,charliehebdo,553183067670843392
2,8,10,4,0.0662,0,charliehebdo,553183099610095616
2,8,10,5,0.2498,0,charliehebdo,553183420499894272
2,18,21,9,0.1949,0,charliehebdo,553184082277187585
6,5,14,2,0.3542,0,charliehebdo,553184390260338688
4,6,13,12,0.32,0,charliehebdo,553184451774402560
1,1,2,1,0.0,0,charliehebdo,553185062829948928
19,11,57,15,0.5607,0,charliehebdo,553185404657352704
3,16,20,13,0.0467,0,charliehebdo,553185716218650624
4,14,20,9,0.5389,0,charliehebdo,553185825065009153
1,4,5,4,0.1658,0,charliehebdo,553185854165114882
7,12,30,2,0.4572,0,charliehebdo,553186026811039745
2,16,18,15,0.2523,0,charliehebdo,553186457121472512
1,8,9,4,0.3663,0,charliehebdo,553186515359379457
1,9,10,7,0.3121,0,charliehebdo,553186577850335232
1,16,17,2,0.4315,0,charliehebdo,553186670871597056
1,7,8,3,0.1429,0,charliehebdo,553186739326812161
4,8,21,18,0.4959,0,charliehebdo,553187282295877632
1,10,11,4,0.424,0,charliehebdo,553187649943384064
1,9,10,7,0.3165,0,charliehebdo,553187683510812672
8,4,22,3,0.6146,0,charliehebdo,553187959835725824
0,0,1,1,0.0,0,charliehebdo,553187990953295872
1,3,4,3,0.0878,0,charliehebdo,553188115033387008
4,19,23,20,0.3218,0,charliehebdo,553188214522249217
1,5,6,4,0.0354,0,charliehebdo,553188225691684864
8,12,31,4,0.362,0,charliehebdo,553188974811185152
1,5,6,5,0.2734,0,charliehebdo,553189024941481985
3,14,20,14,0.0892,0,charliehebdo,553189165509394432
5,7,14,1,0.3471,0,charliehebdo,553189490521812992
18,17,57,18,0.671,0,charliehebdo,553189526177579008
17,11,82,20,0.7127,0,charliehebdo,553189840913989633
14,7,25,2,0.3839,0,charliehebdo,553190655011205120
5,16,25,21,0.5877,0,charliehebdo,553190729447919616
2,19,23,21,0.6296,0,charliehebdo,553191800408911872
1,4,5,3,-0.1246,0,charliehebdo,553192366098898945
7,10,27,20,0.6583,0,charliehebdo,553192373728342016
4,13,22,14,0.1121,0,charliehebdo,553192641328734208
2,17,22,11,0.0066,0,charliehebdo,553193210269298688
11,9,33,17,0.5548,0,charliehebdo,553193480319942656
3,18,21,17,0.5316,0,charliehebdo,553193866057506817
3,15,18,5,0.3393,0,charliehebdo,553194417239363584
4,10,15,7,0.4138,0,charliehebdo,553194557316542465
9,18,29,3,0.5132,0,charliehebdo,553194632520421376
2,5,10,1,0.4525,0,charliehebdo,553195138156343296
3,17,20,13,0.4861,0,charliehebdo,553195806899970048
7,6,19,4,0.5258,0,charliehebdo,553195808930410496
1,5,6,2,0.0595,0,charliehebdo,553195827397926912
2,5,7,4,0.362,0,charliehebdo,553195852643442688
0,0,1,1,0.0,0,charliehebdo,553195969282867202
7,12,45,29,0.4175,0,charliehebdo,553196035133440000
3,13,19,8,0.4551,0,charliehebdo,553196263064498176
2,17,23,15,0.2884,0,charliehebdo,553196453938855937
2,14,17,7,0.5143,0,charliehebdo,553196571194851328
4,15,24,5,0.6317,0,charliehebdo,553196930768330753
4,11,17,6,0.4952,0,charliehebdo,553196953480495105
3,5,8,1,0.2869,0,charliehebdo,553197181151481857
10,9,21,10,0.5451,0,charliehebdo,553197197618339841
1,19,20,7,-0.0466,0,charliehebdo,553197212726218752
5,13,22,1,0.4607,0,charliehebdo,553198107278987264
3,16,20,1,0.4875,0,charliehebdo,553198268436344832
1,2,3,3,-0.8584,0,charliehebdo,553198344034865152
1,4,5,3,0.2572,0,charliehebdo,553198853487611907
1,6,7,4,0.0919,0,charliehebdo,553199320053592067
11,16,42,23,0.6027,0,charliehebdo,553199664720543744
0,0,1,1,0.0,0,charliehebdo,553200047417196544
10,18,59,27,0.6935,0,charliehebdo,553200085132009475
2,9,11,4,0.0748,0,charliehebdo,553200115079712768
1,2,3,3,-0.1535,0,charliehebdo,553200552142983168
2,17,20,9,0.5082,0,charliehebdo,553200573387124736
3,17,22,21,0.1345,0,charliehebdo,553200726403710976
19,8,79,6,0.7606,0,charliehebdo,553200769671761920
1,11,12,5,0.0657,0,charliehebdo,553201523577331712
1,3,4,2,-0.084,0,charliehebdo,553201539737976833
14,5,32,7,0.3274,0,charliehebdo,553201549997277185
1,4,5,3,-0.0407,0,charliehebdo,553201965002653696
2,8,10,3,0.3221,0,charliehebdo,553203041705664513
1,13,14,6,0.252,0,charliehebdo,553203538579701760
3,3,9,5,0.3368,0,charliehebdo,553204017552457728
6,15,28,2,0.5829,0,charliehebdo,553204399439642624
19,10,74,9,0.5861,0,charliehebdo,553204986474422273
2,18,20,4,0.4373,0,charliehebdo,553205115830951936
15,5,42,25,0.7044,0,charliehebdo,553205261847236608
3,16,20,15,0.1887,0,charliehebdo,553205372719472640
2,17,22,20,0.4697,0,charliehebdo,553205427253829632
10,18,55,16,0.1575,0,charliehebdo,553205492458475520
1,4,5,1,-0.3205,0,charliehebdo,553205691742425088
4,10,23,21,0.3367,0,charliehebdo,553206096131670016
2,9,11,5,0.3525,0,charliehebdo,553206304396038145
5,8,17,14,0.5788,0,charliehebdo,553206989925658624
1,9,10,9,-0.0504,0,charliehebdo,553207216774590464
1,5,6,3,0.267,0,charliehebdo,553207267685060608
2,7,9,5,0.0237,0,charliehebdo,553207514222063618
2,6,11,9,0.1822,0,charliehebdo,553208300607922177
5,9,15,4,0.3078,0,charliehebdo,553208762291339265
1,1,2,1,0.0,0,charliehebdo,553208946350362625
1,9,10,7,0.4391,0,charliehebdo,553209232712294401
2,16,18,2,0.3106,0,charliehebdo,553209341520535552
7,10,21,5,0.2472,0,charliehebdo,553209843939831809
19,5,85,65,0.7174,0,charliehebdo,553209912550240256
14,4,36,25,-0.1066,0,charliehebdo,553209917944131585
3,18,23,15,0.3994,0,charliehebdo,553209983845023745
4,11,15,5,0.525,0,charliehebdo,553210080829906945
19,6,100,11,0.5408,0,charliehebdo,553210306877739008
3,13,22,14,0.2024,0,charliehebdo,553210869010935808
5,6,19,4,0.3387,0,charliehebdo,553211397782654976
8,15,31,17,0.1098,0,charliehebdo,553212333867012096
1,8,9,8,-0.0331,0,charliehebdo,553212338728603648
1,5,6,4,-0.1138,0,charliehebdo,553212702714499074
2,19,21,20,0.5693,0,charliehebdo,553213326277500929
5,14,25,1,0.4602,0,charliehebdo,553213361350262784
2,5,7,5,0.0987,0,charliehebdo,553213362713399297
8,13,38,1,0.4936,0,charliehebdo,553213740137467907
11,8,50,8,0.5959,0,charliehebdo,553214219899117568
1,6,7,5,0.0904,0,charliehebdo,553214358948683776
0,0,1,1,0.0,0,charliehebdo,553214576956043264
1,5,6,4,0.2426,0,charliehebdo,553214597055135744
2,6,8,2,0.1275,0,charliehebdo,553214612569456640
14,15,51,13,0.5185,0,charliehebdo,553214700155330560
5,16,22,11,0.4405,0,charliehebdo,553214726629781505
3,19,22,13,0.5169,0,charliehebdo,553214783647145984
1,2,3,1,-0.0545,0,charliehebdo,553214939838836736
1,19,20,11,0.4071,0,charliehebdo,553215305917665280
1,7,8,6,-0.112,0,charliehebdo,553215313807163392
4,12,20,10,0.5266,0,charliehebdo,553215362058440704
10,14,50,36,0.0174,0,charliehebdo,553215383256432640
10,16,47,4,0.5286,0,charliehebdo,553215523602046976
5,15,24,2,0.4069,0,charliehebdo,553215634864345088
2,18,20,10,0.0517,0,charliehebdo,553215658784456705
6,8,22,13,0.2215,0,charliehebdo,553215879979085829
10,7,24,22,0.3096,0,charliehebdo,553215929107382275
12,10,56,20,0.4133,0,charliehebdo,553216451780554752
1,13,14,8,0.3633,0,charliehebdo,553216460164968449
2,19,21,4,0.1702,0,charliehebdo,553216874130206721
2,11,16,5,0.4657,0,charliehebdo,553218001181605889
3,3,6,2,0.2153,0,charliehebdo,553218083410952192
1,3,4,1,-0.4306,0,charliehebdo,553218279557582849
2,14,16,8,0.2829,0,charliehebdo,553218281705066496
8,14,27,21,0.2293,0,charliehebdo,553218599390040065
7,11,21,8,0.5822,0,charliehebdo,553219047048105985
9,6,22,1,0.1603,0,charliehebdo,553219195056693249
9,16,40,21,0.5484,0,charliehebdo,553219651594125312
1,4,5,4,0.2579,0,charliehebdo,553219770053443585
3,14,21,11,0.5076,0,charliehebdo,553220054184382465
3,16,20,11,0.4046,0,charliehebdo,553220172925132800
4,19,23,11,0.1512,0,charliehebdo,553220369721483266
11,12,35,15,0.4338,0,charliehebdo,553221281181859841
2,18,20,6,0.3423,0,charliehebdo,553221293298819074
1,4,5,1,0.0148,0,charliehebdo,553221319345844225
6,10,16,11,0.3711,0,charliehebdo,553222038379180032
1,6,7,3,0.0994,0,charliehebdo,553222048924049408
6,16,25,12,0.5436,0,charliehebdo,553222727700865025
6,10,34,19,0.6269,0,charliehebdo,553223681409703937
19,4,81,5,0.7626,0,charliehebdo,553223882128490496
3,8,12,4,0.2892,0,charliehebdo,553223992300285952
2,19,23,20,0.4421,0,charliehebdo,553224082213601280
2,12,14,11,0.3871,0,charliehebdo,553224215676354560
13,12,79,21,0.5854,0,charliehebdo,553224402012078081
1,5,6,3,-0.0729,0,charliehebdo,553224764924243969
3,7,11,8,0.2938,0,charliehebdo,553225359928213505
3,7,10,9,-0.0049,0,charliehebdo,553225402282692608
2,4,6,3,0.2992,0,charliehebdo,553225701701066752
1,4,5,3,-0.2449,0,charliehebdo,553225809444749313
3,3,7,2,0.1005,0,charliehebdo,553225828625297408
2,9,12,4,0.2242,0,charliehebdo,553226059836297216
10,5,20,3,0.5277,0,charliehebdo,553226143307161600
1,12,13,7,0.3246,0,charliehebdo,553226479904231424
14,12,41,2,0.3111,0,charliehebdo,553226624976420864
5,17,23,20,0.3516,0,charliehebdo,553227220765130752
2,17,22,7,0.2688,0,charliehebdo,553227238829981698
2,12,15,11,0.5416,0,charliehebdo,553227258782306304
8,16,34,20,0.6931,0,charliehebdo,553227288859664384
2,14,17,12,0.4116,0,charliehebdo,553227389061582848
2,3,5,1,-0.0208,0,charliehebdo,553227441712668672
2,4,6,4,0.1941,0,charliehebdo,553227856046596097
1,20,21,10,0.405,0,charliehebdo,553227906449960961
1,5,6,2,0.2767,0,charliehebdo,553228482927263744
7,13,23,21,0.6083,0,charliehebdo,553228535511650305
5,14,23,7,0.5817,0,charliehebdo,553228537084116993
5,10,36,31,0.704,0,charliehebdo,553229177055219713
2,17,21,17,0.3687,0,charliehebdo,553229592480481281
3,5,8,1,0.2456,0,charliehebdo,553229626756329472
3,17,24,12,0.5198,0,charliehebdo,553229808260632578
3,16,20,10,0.2234,0,charliehebdo,553229948153262081
5,15,21,2,0.255,0,charliehebdo,553229956830875650
6,10,23,14,0.4116,0,charliehebdo,553230256992423936
1,11,12,5,0.2378,0,charliehebdo,553230614712033283
0,0,1,1,0.0,0,charliehebdo,553230661012975618
3,6,11,9,0.476,0,charliehebdo,553231516290269184
0,0,1,1,0.0,0,charliehebdo,553231607449276416
5,13,25,5,0.1915,0,charliehebdo,553231667523883009
0,0,1,1,0.0,0,charliehebdo,553232137931849728
3,11,14,3,0.2064,0,charliehebdo,553232531827740672
2,18,20,16,0.35,0,charliehebdo,553232704708546561
3,12,16,3,0.3725,0,charliehebdo,553233130275221504
7,10,19,5,-0.0893,0,charliehebdo,553233414145310720
7,7,17,8,0.1174,0,charliehebdo,553234456522522624
18,8,56,7,0.6136,0,charliehebdo,553234578086055937
0,0,1,1,0.0,0,charliehebdo,553235271169638400
4,6,10,3,0.3201,0,charliehebdo,553235360722214912
1,5,6,3,-0.1521,0,charliehebdo,553236009081921536
1,19,20,9,0.5986,0,charliehebdo,553462249562832897
7,17,33,20,0.4102,0,charliehebdo,553463773844238337
0,0,1,1,0.0,0,charliehebdo,553464709899616257
6,20,33,10,0.5928,0,charliehebdo,553465105028222976
2,5,7,5,-0.1219,0,charliehebdo,553466755411369985
6,13,30,1,0.2647,0,charliehebdo,553468593141469184
9,14,33,10,0.2928,0,charliehebdo,553469263650906112
10,8,37,7,0.4567,0,charliehebdo,553470907629707266
1,3,4,1,0.1661,0,charliehebdo,553472557978902529
1,14,15,14,-0.0095,0,charliehebdo,553473369539366912
3,8,14,2,0.3478,0,charliehebdo,553473559352606720
2,9,12,4,0.3606,0,charliehebdo,553473629854646272
3,15,22,12,0.4163,0,charliehebdo,553476288103477249
8,15,36,7,0.2735,0,charliehebdo,553478014785187840
19,10,111,7,0.7304,0,charliehebdo,553479280014151681
19,11,44,10,0.5013,0,charliehebdo,553479401296625664
6,16,25,12,0.5741,0,charliehebdo,553480257747963905
1,4,5,3,-0.4515,0,charliehebdo,553480287045554176
5,9,20,5,0.3774,0,charliehebdo,553480333954678784
19,15,147,68,0.762,0,charliehebdo,553480876315901953
4,16,23,14,0.5151,0,charliehebdo,553480900869361664
1,2,3,1,-0.1894,0,charliehebdo,553481335948709888
4,14,21,12,0.5669,0,charliehebdo,553481963864993792
3,5,8,4,0.4132,0,charliehebdo,553483707122995201
0,0,1,1,0.0,0,charliehebdo,553483906096185345
2,5,7,4,0.079,0,charliehebdo,553484530804613120
6,10,27,14,0.0751,0,charliehebdo,553484619426062336
12,9,45,8,0.7301,0,charliehebdo,553485654030446592
1,2,3,2,-0.002,0,charliehebdo,553485866346483713
10,9,58,13,0.5529,0,charliehebdo,553486601146617856
2,10,12,6,0.2776,0,charliehebdo,553487356733313024
3,15,19,7,0.4699,0,charliehebdo,553487579077550082
5,11,27,7,0.3417,0,charliehebdo,553487625815064576
1,21,22,18,0.0091,0,charliehebdo,553488850363101184
9,8,30,3,0.6329,0,charliehebdo,553489837542899712
0,0,1,1,0.0,0,charliehebdo,553489907524829184
3,13,18,8,0.3607,0,charliehebdo,553490160344502273
1,19,20,15,0.5944,0,charliehebdo,553490241445965824
1,4,5,5,-0.1464,0,charliehebdo,553490358748061696
3,13,16,12,0.3926,0,charliehebdo,553491005971132416
13,4,38,14,0.4877,0,charliehebdo,553491517462315008
2,18,20,11,0.3312,0,charliehebdo,553491604917334016
1,11,12,2,0.2626,0,charliehebdo,553491924015783936
9,12,39,19,0.6458,0,charliehebdo,553492305521672192
3,5,9,8,0.4217,0,charliehebdo,553492417023057920
3,15,20,8,0.3356,0,charliehebdo,553493300242432000
1,3,4,1,0.1441,0,charliehebdo,553496228055777280
17,18,51,7,0.5327,0,charliehebdo,553496489641902080
7,13,35,1,0.6279,0,charliehebdo,553496697918468096
1,5,6,1,-0.1027,0,charliehebdo,553497508970631168
2,19,21,14,0.1955,0,charliehebdo,553497730476015617
0,0,1,1,0.0,0,charliehebdo,553497835371757568
3,15,20,20,-0.0106,0,charliehebdo,553498106588049408
1,10,11,9,0.0307,0,charliehebdo,553499806883381249
2,14,20,13,0.5802,0,charliehebdo,553500932521336832
2,11,14,6,0.3479,0,charliehebdo,553501469388058626
3,10,14,11,0.2964,0,charliehebdo,553502749498036224
4,15,20,3,0.2888,0,charliehebdo,553503846258196480
0,0,1,1,0.0,0,charliehebdo,553503995872808961
0,0,1,1,0.0,0,charliehebdo,553505458162782208
0,0,1,1,0.0,0,charliehebdo,553506091389440000
19,14,73,2,0.5387,0,charliehebdo,553506337121107968
5,17,24,3,0.4545,0,charliehebdo,553506946054369280
1,7,8,7,-0.1124,0,charliehebdo,553506985413713920
3,14,24,12,0.6184,0,charliehebdo,553508524320653312
5,16,22,20,0.1309,0,charliehebdo,553509146730176513
1,7,8,3,0.1822,0,charliehebdo,553509181446443008
1,8,9,2,0.3088,0,charliehebdo,553509591888441344
3,15,20,8,0.4637,0,charliehebdo,553511279235964928
2,5,7,4,0.1689,0,charliehebdo,553511977478537216
5,23,31,3,0.088,0,charliehebdo,553512076304728064
15,27,176,15,0.8079,0,charliehebdo,553514329166061568
11,4,25,12,0.1022,0,charliehebdo,553514505633017856
3,17,20,1,0.2232,0,charliehebdo,553515827073261568
1,3,4,2,-0.058,0,charliehebdo,553516197283893248
3,17,23,6,0.4226,0,charliehebdo,553516364879904768
2,10,12,9,0.3244,0,charliehebdo,553517053110657024
2,4,6,3,0.2809,0,charliehebdo,553517080637489154
11,6,21,1,0.2158,0,charliehebdo,553517380995792896
1,8,9,1,0.1741,0,charliehebdo,553517548734791680
5,6,15,2,0.5173,0,charliehebdo,553519997956669440
6,7,14,13,0.1884,0,charliehebdo,553520399300833280
1,2,3,1,-0.7839,0,charliehebdo,553521697350234112
5,10,24,9,0.4971,0,charliehebdo,553522808417157120
1,12,13,9,0.125,0,charliehebdo,553523303453696001
1,4,5,3,-0.0052,0,charliehebdo,553524183594844160
1,7,8,5,0.393,0,charliehebdo,553525290908262400
3,11,14,4,0.2756,0,charliehebdo,553525347266740226
0,0,1,1,0.0,0,charliehebdo,553526191399776257
19,2,25,3,0.2178,0,charliehebdo,553526283033133056
4,12,20,4,0.4889,0,charliehebdo,553526776878469121
5,14,30,17,0.4562,0,charliehebdo,553527807771308034
1,5,6,2,0.101,0,charliehebdo,553527964856352769
2,6,8,6,0.3259,0,charliehebdo,553528503573184514
4,19,23,17,0.248,0,charliehebdo,553528740618436610
1,11,12,2,0.4052,0,charliehebdo,553529789794250753
5,10,24,2,0.4616,0,charliehebdo,553530513580118016
9,10,61,36,0.7459,0,charliehebdo,553531783992868864
4,15,24,1,0.4058,0,charliehebdo,553531802347122689
5,14,31,10,0.4895,0,charliehebdo,553532452472238080
8,18,37,5,0.6268,0,charliehebdo,553532507623546881
1,18,19,13,0.301,0,charliehebdo,553532736187924480
2,18,21,12,0.6046,0,charliehebdo,553533193899368448
1,5,6,5,-0.0523,0,charliehebdo,553533859032477696
5,12,39,17,0.6259,0,charliehebdo,553534934447824896
2,12,14,4,0.4829,0,charliehebdo,553535227214438400
3,14,24,19,0.618,0,charliehebdo,553535468290453504
3,14,18,10,0.4147,0,charliehebdo,553535642848989184
2,18,20,13,0.4527,0,charliehebdo,553535765997969408
2,10,13,12,0.0779,0,charliehebdo,553536358950916096
1,9,10,8,0.1036,0,charliehebdo,553536532960010240
1,3,4,4,-0.1238,0,charliehebdo,553537235463979008
1,19,20,8,0.223,0,charliehebdo,553537280343031808
3,11,19,13,0.5653,0,charliehebdo,553537322218553344
1,3,4,4,-0.2864,0,charliehebdo,553537380209401856
4,13,21,12,0.3254,0,charliehebdo,553537460920389633
2,17,22,9,0.5283,0,charliehebdo,553537551114706945
16,3,28,1,0.2022,0,charliehebdo,553537648938086403
1,4,5,4,0.141,0,charliehebdo,553537740588220416
1,6,7,7,0.0849,0,charliehebdo,553537870431268864
5,18,25,23,0.6332,0,charliehebdo,553538304332017665
2,4,6,5,0.1967,0,charliehebdo,553538456207777792
1,6,7,5,0.3281,0,charliehebdo,553538483474534400
1,8,9,8,0.045,0,charliehebdo,553538523266318336
7,10,39,8,0.5523,0,charliehebdo,553538559609942017
2,18,20,15,0.4376,0,charliehebdo,553538939076624384
1,5,6,6,-0.2749,0,charliehebdo,553538939454509056
0,0,1,1,0.0,0,charliehebdo,553539252374757376
8,6,33,6,0.4125,0,charliehebdo,553539373707186176
3,17,23,20,0.5437,0,charliehebdo,553539504146231298
2,18,21,14,0.3131,0,charliehebdo,553539631149756416
1,17,18,16,0.0661,0,charliehebdo,553539778088816641
2,9,13,4,0.5185,0,charliehebdo,553540131756732416
1,5,6,4,0.3184,0,charliehebdo,553540355317334016
3,6,9,5,0.3994,0,charliehebdo,553540381187780609
1,8,9,7,0.0893,0,charliehebdo,553540478403366912
3,20,25,2,0.3546,0,charliehebdo,553540580912156672
5,14,21,16,0.4106,0,charliehebdo,553540719714271233
1,1,2,2,0.0,0,charliehebdo,553540824768991233
1,17,18,17,0.309,0,charliehebdo,553540872986705920
3,19,22,21,0.4875,0,charliehebdo,553540934118694912
0,0,1,1,0.0,0,charliehebdo,553541197491634176
1,11,12,7,0.3524,0,charliehebdo,553541601482784768
1,1,2,1,0.0,0,charliehebdo,553541834975498240
5,12,21,8,0.5797,0,charliehebdo,553541838494515200
0,0,1,1,0.0,0,charliehebdo,553542093683974144
1,7,8,7,0.2929,0,charliehebdo,553542208214036480
2,15,18,11,0.2216,0,charliehebdo,553542245966958592
1,13,14,13,0.2346,0,charliehebdo,553542282100871168
6,13,19,12,0.58,0,charliehebdo,553542337553764352
1,7,8,7,0.0816,0,charliehebdo,553542417673367552
2,17,20,17,0.2059,0,charliehebdo,553542516772175873
11,7,19,1,0.2783,0,charliehebdo,553542628097019904
14,13,94,28,0.6538,0,charliehebdo,553542784800792577
2,6,8,4,0.4001,0,charliehebdo,553543032642220033
4,10,21,2,0.414,0,charliehebdo,553543144172969984
8,15,39,12,0.3417,0,charliehebdo,553543319423553537
3,7,12,10,0.457,0,charliehebdo,553543395017510912
1,3,4,1,0.0297,0,charliehebdo,553543467427577858
4,15,20,7,0.0182,0,charliehebdo,553543939517874176
1,17,18,15,0.5932,0,charliehebdo,553544039241224194
1,7,8,7,0.3169,0,charliehebdo,553544078768766977
1,7,8,6,0.1614,0,charliehebdo,553544266526760960
1,3,4,1,-0.1257,0,charliehebdo,553544336475168769
3,27,36,17,0.3215,0,charliehebdo,553544566042009600
7,6,24,3,0.5581,0,charliehebdo,553545000110538753
9,7,22,1,0.5257,0,charliehebdo,553545384069328896
3,16,21,20,0.5677,0,charliehebdo,553545386082979841
4,9,13,9,0.2861,0,charliehebdo,553545782050045952
1,4,5,3,0.1624,0,charliehebdo,553545857304629248
1,19,20,5,0.1952,0,charliehebdo,553546292748898304
4,14,21,7,0.6129,0,charliehebdo,553546551709409280
3,6,9,6,0.2927,0,charliehebdo,553546679161745408
2,8,11,5,0.0874,0,charliehebdo,553546878902861825
2,10,15,8,0.2656,0,charliehebdo,553546967281061888
0,0,1,1,0.0,0,charliehebdo,553547629963911170
5,16,31,24,0.6726,0,charliehebdo,553547637832843264
4,14,23,10,0.5138,0,charliehebdo,553547659404148736
2,3,5,2,-0.0014,0,charliehebdo,553548404102414337
2,17,20,8,0.1791,0,charliehebdo,553548440563908611
4,15,20,3,0.2448,0,charliehebdo,553548487225532416
3,11,14,8,0.2358,0,charliehebdo,553549680538578944
6,11,21,17,0.0623,0,charliehebdo,553550030553243650
3,18,23,19,0.3907,0,charliehebdo,553550888770740224
1,13,14,8,0.3649,0,charliehebdo,553551148280729602
11,5,22,10,0.3831,0,charliehebdo,553551279620755458
0,0,1,1,0.0,0,charliehebdo,553551282967830528
3,14,22,15,0.6089,0,charliehebdo,553551435762503681
4,6,11,4,0.0017,0,charliehebdo,553551934251343872
3,8,11,9,0.0372,0,charliehebdo,553552493561798656
5,7,13,5,0.4052,0,charliehebdo,553552772277481472
2,11,13,10,0.2034,0,charliehebdo,553553112456499200
2,8,10,8,0.1616,0,charliehebdo,553553202197827584
6,8,24,24,0.2577,0,charliehebdo,553553331671408641
1,19,20,13,0.4045,0,charliehebdo,553553966970044416
15,13,40,21,0.6821,0,charliehebdo,553554032745525249
10,10,53,5,0.5266,0,charliehebdo,553555156391186432
2,16,22,19,0.3583,0,charliehebdo,553555207410700289
1,19,20,2,0.5197,0,charliehebdo,553555293645590528
5,9,21,1,0.3046,0,charliehebdo,553555389611274240
2,7,10,9,0.3114,0,charliehebdo,553555432577708032
2,20,23,21,0.2735,0,charliehebdo,553555593034596352
3,14,20,20,0.0401,0,charliehebdo,553555705945288704
8,12,33,7,0.588,0,charliehebdo,553555848794877952
15,5,45,5,0.6325,0,charliehebdo,553555948883959809
7,18,29,23,0.0815,0,charliehebdo,553556728651210753
1,8,9,6,0.4139,0,charliehebdo,553558108866637824
1,7,8,4,0.0535,0,charliehebdo,553558126147149825
3,9,13,6,0.3499,0,charliehebdo,553558611306090496
9,16,30,10,0.103,0,charliehebdo,553558824720666628
3,15,19,11,0.5142,0,charliehebdo,553559095798931456
1,1,2,2,0.0,0,charliehebdo,553559880599359488
1,4,5,2,0.252,0,charliehebdo,553560219981459457
2,1,3,3,-0.2956,0,charliehebdo,553560429910568960
3,7,11,9,0.1097,0,charliehebdo,553560480586166272
6,5,27,5,0.4083,0,charliehebdo,553560488056225792
2,19,21,17,0.1652,0,charliehebdo,553560769246539776
3,14,21,16,0.0283,0,charliehebdo,553561169923829760
1,5,6,6,0.0825,0,charliehebdo,553561762466115584
1,19,20,12,0.1233,0,charliehebdo,553562348376850433
13,9,39,2,0.6283,0,charliehebdo,553562446456422402
1,11,12,9,0.1426,0,charliehebdo,553562569169199104
2,18,20,7,0.273,0,charliehebdo,553562832001048576
4,17,28,13,0.3635,0,charliehebdo,553563356339384322
3,17,22,20,0.5987,0,charliehebdo,553563750230683650
15,5,29,9,0.4975,0,charliehebdo,553563780928770048
1,8,9,8,0.1882,0,charliehebdo,553563889104093184
8,5,27,13,0.6582,0,charliehebdo,553566200098488320
3,9,13,11,0.0323,0,charliehebdo,553566279953842176
5,14,21,21,-0.1245,0,charliehebdo,553566644006817792
9,10,23,7,0.4911,0,charliehebdo,553566829273423872
8,14,25,9,0.5188,0,charliehebdo,553566870750908418
5,17,37,32,0.6901,0,charliehebdo,553567076728963073
3,7,11,5,0.407,0,charliehebdo,553567184002502656
4,15,26,10,0.4747,0,charliehebdo,553567716414484481
1,2,3,2,-0.2295,0,charliehebdo,553567732126736385
1,11,12,10,0.4212,0,charliehebdo,553567850301231106
3,12,16,8,0.4258,0,charliehebdo,553568095978401793
0,0,1,1,0.0,0,charliehebdo,553569060882235392
2,13,20,2,0.2247,0,charliehebdo,553569333150896129
2,5,8,6,-0.0499,0,charliehebdo,553569379674521600
2,7,9,7,0.3968,0,charliehebdo,553569512269021184
1,2,3,3,-0.1006,0,charliehebdo,553570203678683136
3,15,20,5,0.3689,0,charliehebdo,553570370192949248
1,9,10,7,0.3532,0,charliehebdo,553570659805454336
7,19,39,16,0.2922,0,charliehebdo,553570681619640320
1,9,10,8,0.1362,0,charliehebdo,553570818031374336
1,5,6,6,-0.2384,0,charliehebdo,553570914143854592
2,16,20,7,0.4882,0,charliehebdo,553570916907511809
3,9,12,11,0.4522,0,charliehebdo,553571432475951105
10,6,16,16,0.0904,0,charliehebdo,553571541578174465
4,15,20,15,0.2284,0,charliehebdo,553572111441465344
2,6,8,1,0.3364,0,charliehebdo,553572914923323392
0,0,1,1,0.0,0,charliehebdo,553573066455134208
5,10,25,10,0.3098,0,charliehebdo,553573166116012032
6,10,22,7,0.053,0,charliehebdo,553573432554979328
0,0,1,1,0.0,0,charliehebdo,553573633395015680
4,16,24,17,0.1624,0,charliehebdo,553573875528007680
9,8,20,11,0.2168,0,charliehebdo,553574522972958721
2,18,20,19,0.2993,0,charliehebdo,553574650450825216
8,12,48,21,0.4795,0,charliehebdo,553574709669814272
4,13,26,1,0.6165,0,charliehebdo,553575302392455169
2,11,14,5,0.5177,0,charliehebdo,553575450329378816
2,8,11,9,0.0611,0,charliehebdo,553575803733426176
1,12,13,6,0.4413,0,charliehebdo,553576648973377537
1,2,3,1,-0.5283,0,charliehebdo,553578191391301633
4,16,24,3,-0.0236,0,charliehebdo,553578243173781505
3,16,19,13,0.5599,0,charliehebdo,553578250186665984
2,4,7,2,0.1331,0,charliehebdo,553578348111085568
0,0,1,1,0.0,0,charliehebdo,553578566563426305
3,12,21,2,0.1909,0,charliehebdo,553579715014172673
1,3,4,1,0.0847,0,charliehebdo,553579914717577216
2,16,18,7,0.3914,0,charliehebdo,553580499395174400
2,6,8,6,0.2826,0,charliehebdo,553581209193050112
1,12,13,11,0.3982,0,charliehebdo,553581227165642752
1,10,11,11,0.0237,0,charliehebdo,553581501422788608
3,8,12,10,0.4971,0,charliehebdo,553581612588605440
1,3,4,4,-0.3201,0,charliehebdo,553581668142153729
1,6,7,7,-0.1964,0,charliehebdo,553581669710831617
3,17,20,20,-0.0312,0,charliehebdo,553581897792913408
1,3,4,4,0.1384,0,charliehebdo,553581958455123968
1,5,6,5,0.2585,0,charliehebdo,553582011324329984
4,19,24,23,0.6164,0,charliehebdo,553582039106990080
1,2,3,3,-0.4007,0,charliehebdo,553582049282768897
1,3,4,3,0.1537,0,charliehebdo,553582057537146880
1,4,5,5,-0.0689,0,charliehebdo,553582206019723264
5,10,18,17,0.1983,0,charliehebdo,553582251616010240
2,17,24,24,0.2078,0,charliehebdo,553582301003931648
2,5,7,7,-0.2285,0,charliehebdo,553582465734832128
1,2,3,2,-0.0367,0,charliehebdo,553582801833185280
2,20,29,27,0.6519,0,charliehebdo,553582812964876288
1,5,6,5,0.3,0,charliehebdo,553583035820802048
1,1,2,2,0.0,0,charliehebdo,553583059761897473
4,14,26,6,0.5875,0,charliehebdo,553583108105441281
1,14,15,8,0.5179,0,charliehebdo,553583376398319617
1,18,19,18,0.2367,0,charliehebdo,553583670343524352
1,7,8,7,0.4151,0,charliehebdo,553583809602801665
1,3,4,4,-0.155,0,charliehebdo,553583847850663936
1,1,2,2,0.0,0,charliehebdo,553583867664535552
1,19,20,20,0.307,0,charliehebdo,553584173420920833
2,15,21,21,-0.0644,0,charliehebdo,553584292090359808
2,18,20,19,0.5335,0,charliehebdo,553584366803488770
2,8,10,1,0.3399,0,charliehebdo,553584683892871168
3,9,14,10,0.5009,0,charliehebdo,553584782987497474
2,2,4,3,0.1609,0,charliehebdo,553584868685520897
1,11,12,11,0.4891,0,charliehebdo,553585447235223552
1,6,7,7,-0.0009,0,charliehebdo,553585530504749057
1,4,5,5,-0.1187,0,charliehebdo,553585596959318016
3,4,7,6,0.0784,0,charliehebdo,553585838056280064
2,19,22,21,0.5635,0,charliehebdo,553585840270876672
1,9,10,9,0.4703,0,charliehebdo,553585862987235328
3,6,9,3,0.0931,0,charliehebdo,553586246883475456
19,5,42,1,0.6879,0,charliehebdo,553586275438301184
12,5,44,44,-0.0644,0,charliehebdo,553586305272389632
1,5,6,6,-0.0959,0,charliehebdo,553586393189212161
14,15,36,28,0.2123,0,charliehebdo,553586421626568704
5,14,38,15,0.5855,0,charliehebdo,553586510260629505
2,12,14,12,0.3343,0,charliehebdo,553586523338440704
1,6,7,7,0.2159,0,charliehebdo,553586538928676864
1,3,4,2,-0.0753,0,charliehebdo,553586798451257344
3,15,19,18,0.4124,0,charliehebdo,553586940856242178
1,1,2,1,0.0,0,charliehebdo,553586959596396544
1,2,3,3,-0.445,0,charliehebdo,553587278564823041
3,15,19,19,0.3725,0,charliehebdo,553587352086384640
10,13,29,4,0.4772,0,charliehebdo,553587542067773440
2,16,20,2,0.226,0,charliehebdo,553587546614427649
1,6,7,7,0.0937,0,charliehebdo,553587708367765504
1,6,7,7,-0.3841,0,charliehebdo,553587816048099328
1,8,9,8,0.4506,0,charliehebdo,553587920398221313
5,12,18,18,0.157,0,charliehebdo,553588326578417664
1,2,3,2,-0.0185,0,charliehebdo,553588704913416192
2,18,21,20,0.6231,0,charliehebdo,553588889084891136
1,8,9,8,0.0493,0,charliehebdo,553589330846183425
0,0,1,1,0.0,0,charliehebdo,553589345186111488
1,3,4,4,-0.1477,0,charliehebdo,553589419933196288
1,10,11,10,0.2147,0,charliehebdo,553589469849583616
3,16,24,23,0.139,0,charliehebdo,553589610014867456
4,7,11,8,0.4917,0,charliehebdo,553589657695715328
2,6,8,6,0.3993,0,charliehebdo,553589860880375808
1,7,8,6,0.1073,0,charliehebdo,553589860892942337
1,11,12,8,0.3438,0,charliehebdo,553589869810028544
1,2,3,1,-0.2345,0,charliehebdo,553589880245481472
1,6,7,6,0.1389,0,charliehebdo,553589914684895232
4,18,22,20,0.5681,0,charliehebdo,553589970775343104
4,20,24,18,0.5497,0,charliehebdo,553590072373968897
6,9,20,13,0.4025,0,charliehebdo,553590273952215040
3,17,24,21,0.58,0,charliehebdo,553590427216248832
1,14,15,12,0.4041,0,charliehebdo,553590463354380288
0,0,1,1,0.0,0,charliehebdo,553590746637668352
2,10,12,7,-0.0216,0,charliehebdo,553590750701551616
2,15,19,14,0.3799,0,charliehebdo,553590751888961536
4,2,6,1,0.2982,0,charliehebdo,553590811355795456
3,16,22,12,0.4468,0,charliehebdo,553590880352088064
3,16,23,16,0.4282,0,charliehebdo,553590881371320323
0,0,1,1,0.0,0,charliehebdo,553590946970206208
12,17,39,22,0.2807,0,charliehebdo,553590961486696448
8,14,31,21,0.5736,0,charliehebdo,553591049541914624
2,15,18,18,0.3225,0,charliehebdo,553591055833382913
1,4,5,3,-0.003,0,charliehebdo,553591084409184256
5,17,22,22,-0.0817,0,charliehebdo,553591093498224640
1,10,11,8,-0.0203,0,charliehebdo,553591303582523392
4,14,22,14,0.3586,0,charliehebdo,553591315515310081
1,9,10,8,0.1948,0,charliehebdo,553591317478264832
4,10,21,19,0.1261,0,charliehebdo,553591411602640896
1,8,9,9,0.1443,0,charliehebdo,553591475830009857
4,15,21,10,0.3267,0,charliehebdo,553591494255210497
7,8,29,12,0.5534,0,charliehebdo,553591518619893760
2,18,20,20,-0.1066,0,charliehebdo,553591526937600001
3,11,15,13,0.269,0,charliehebdo,553591548613386241
3,10,13,2,0.4323,0,charliehebdo,553591653647138816
1,14,15,14,0.0687,0,charliehebdo,553591679341842432
4,12,26,25,0.3392,0,charliehebdo,553591736598269952
4,16,20,20,-0.079,0,charliehebdo,553591758899412993
2,6,8,8,-0.0136,0,charliehebdo,553591760668991488
1,5,6,5,0.3234,0,charliehebdo,553591841996951553
5,15,23,21,-0.0959,0,charliehebdo,553591980748734464
2,8,10,8,0.3501,0,charliehebdo,553592023392202752
9,17,31,26,0.6026,0,charliehebdo,553592040374947840
3,9,13,3,0.4405,0,charliehebdo,553592081483321346
2,18,20,17,0.1268,0,charliehebdo,553592108699758592
3,5,8,7,0.2419,0,charliehebdo,553592195786506240
0,0,1,1,0.0,1,ferguson,500291056445845504
0,0,1,1,0.0,1,ferguson,500280304146612224
3,15,19,10,0.1347,1,ferguson,500242061279637504
0,0,1,1,0.0,1,ferguson,500359088757555200
3,2,5,4,0.2257,1,ferguson,500359983301939200
3,2,6,2,0.228,1,ferguson,500361668132892673
4,10,27,4,0.289,1,ferguson,498480911243948034
3,5,9,2,0.2301,1,ferguson,500295393301647360
3,13,19,19,-0.0124,1,ferguson,500277940253634561
3,12,17,4,0.2022,1,ferguson,499520839860367360
4,15,19,19,-0.134,1,ferguson,500292806175236096
2,15,17,13,0.4606,1,ferguson,500308708988301312
1,10,11,9,0.369,1,ferguson,498272309535191041
1,1,2,2,0.0,1,ferguson,499697648866045953
1,15,16,12,0.2754,1,ferguson,500270780832174080
13,18,43,14,0.2012,1,ferguson,500398504075071488
2,23,26,12,0.4213,1,ferguson,500237448798949376
3,9,13,10,-0.0373,1,ferguson,500277563072475136
3,22,25,5,0.6103,1,ferguson,500328758201815041
0,0,1,1,0.0,1,ferguson,500387844758994946
0,0,1,1,0.0,1,ferguson,498341675476217856
2,5,7,2,0.3626,1,ferguson,500375190535421953
5,25,39,18,0.5542,1,ferguson,500280477920796672
1,5,6,6,-0.1322,1,ferguson,500368579875704832
4,15,21,11,0.6171,1,ferguson,500378522788315137
7,11,28,11,0.2818,1,ferguson,500280249629036544
23,5,72,12,0.5056,1,ferguson,500308574703452160
5,11,21,9,0.5734,1,ferguson,500344846612447233
3,15,22,19,0.4151,1,ferguson,500359508531884033
1,15,16,16,-0.1442,1,ferguson,500254607470518272
4,13,17,15,0.3122,1,ferguson,500378223977721856
0,0,1,1,0.0,1,ferguson,500283877567770624
4,12,19,15,0.2457,1,ferguson,500359377585704961
7,8,19,16,0.0163,1,ferguson,498294367405477888
3,4,9,4,0.0879,1,ferguson,500332933098385408
5,33,39,37,0.5458,1,ferguson,500281856559161344
4,15,21,16,0.1784,1,ferguson,500288349924782080
3,4,7,3,-0.3344,1,ferguson,500278858156085248
1,14,15,5,0.2952,1,ferguson,499579905508917248
3,2,7,7,-0.1612,1,ferguson,500283831803326464
9,38,53,25,0.678,1,ferguson,499600140580044800
3,39,50,29,-0.0197,1,ferguson,500279189405433858
1,19,20,16,0.2875,1,ferguson,500363740311982081
1,19,20,15,0.4169,1,ferguson,500299904817049600
2,6,11,7,0.2031,1,ferguson,500364250461003777
4,11,18,18,-0.145,1,ferguson,500286059918274561
4,8,23,6,0.4217,1,ferguson,500339512082698240
1,11,12,11,0.1538,1,ferguson,500358195408551936
5,8,13,5,0.0619,1,ferguson,500312670260957185
6,10,19,13,0.0424,1,ferguson,500336373833170945
3,14,18,4,-0.1354,1,ferguson,500247666924986369
6,15,39,7,0.5001,1,ferguson,500388703114895360
9,27,67,26,0.667,1,ferguson,500284494201757696
6,2,9,1,0.2598,1,ferguson,500385868041842688
6,12,22,4,0.6008,1,ferguson,500263680026869760
4,19,28,7,0.3844,1,ferguson,499612545909415938
3,14,21,18,0.4723,1,ferguson,500290977798836225
1,7,8,7,0.2904,1,ferguson,500315291168276480
5,22,32,10,0.6251,1,ferguson,499525020708634625
1,19,20,15,0.6072,1,ferguson,500358907383275520
3,10,17,9,0.5473,1,ferguson,500319801344929795
6,13,36,9,0.4675,1,ferguson,500298091627823104
0,0,1,1,0.0,1,ferguson,500362083221786625
4,30,42,13,0.7111,1,ferguson,500359117132017665
3,15,19,18,0.2633,1,ferguson,500360248767840256
2,7,9,6,0.285,1,ferguson,500404132394459136
2,14,18,8,0.5437,1,ferguson,500301418406744064
0,0,1,1,0.0,1,ferguson,500324836355608576
1,1,2,1,0.0,1,ferguson,499497872564703233
4,14,19,7,0.1139,1,ferguson,500296692713783298
0,0,1,1,0.0,1,ferguson,499553593041903616
4,6,11,4,0.1807,1,ferguson,500287595403022336
0,0,1,1,0.0,1,ferguson,500360889347096576
36,42,144,5,0.7774,1,ferguson,500361302238564352
0,0,1,1,0.0,1,ferguson,500291013521334272
6,10,25,3,0.2281,1,ferguson,499494187969298432
10,7,59,19,0.6075,1,ferguson,500292202845982720
3,11,14,8,0.2592,1,ferguson,500366333461422080
1,7,8,7,0.1735,1,ferguson,500327106824245249
3,10,22,3,0.0971,1,ferguson,498430783699554305
8,10,22,8,0.4358,1,ferguson,500375545918803970
0,0,1,1,0.0,1,ferguson,500275363558064128
10,41,110,18,0.7207,1,ferguson,500347114975944705
3,13,17,17,0.0543,1,ferguson,500303238810574849
3,14,19,10,-0.0248,1,ferguson,500364290545958912
4,24,30,8,0.3438,1,ferguson,500408607561629698
5,14,24,12,0.3624,1,ferguson,500316005089181697
2,16,18,10,0.4237,1,ferguson,500303431928922113
3,16,19,12,0.538,1,ferguson,500327120770301952
5,12,25,17,0.6507,1,ferguson,499530130487017472
2,10,13,5,0.2772,1,ferguson,500359125310922753
9,14,44,10,0.3162,1,ferguson,500298752469770240
1,15,16,15,0.4919,1,ferguson,500287815734013952
1,5,6,5,-0.1279,1,ferguson,500358061698347008
2,14,16,8,0.4882,1,ferguson,500361847070269441
5,20,53,18,0.4503,1,ferguson,498317138554150912
1,3,4,3,-0.1393,1,ferguson,500302115458523136
1,4,5,5,-0.2537,1,ferguson,500277625773121536
4,4,15,1,0.1862,1,ferguson,500286293688193024
3,9,14,9,0.2367,1,ferguson,500354471525109760
1,3,4,4,-0.1757,1,ferguson,500374427448516609
0,0,1,1,0.0,1,ferguson,499431474731683841
3,17,22,5,0.1746,1,ferguson,500413818368184321
6,24,41,10,0.7088,1,ferguson,499655249398075392
1,2,3,2,-0.0226,1,ferguson,500280847912955904
3,6,9,6,0.4247,1,ferguson,500359312447787009
2,16,18,8,0.3483,1,ferguson,500383514567925760
1,8,9,1,-0.0269,1,ferguson,500339209715335169
1,5,6,3,0.0994,1,ferguson,500281094239817728
4,34,47,30,0.7256,1,ferguson,500356642329071616
3,27,33,19,0.4639,1,ferguson,500363831957135360
6,12,42,2,0.6731,1,ferguson,500292917957648384
11,26,64,33,0.0952,1,ferguson,500298847550472194
2,8,10,4,0.3907,1,ferguson,500363126294863876
1,5,6,2,-0.1582,1,ferguson,500301519854379008
1,3,4,4,-0.5135,1,ferguson,500284377490665472
3,10,19,5,0.5637,1,ferguson,498345343629541376
3,28,38,24,0.5337,1,ferguson,500343812863311872
1,8,9,1,0.3496,1,ferguson,499512318410375168
1,17,18,18,0.0479,1,ferguson,500324234821124096
7,19,29,12,0.6286,1,ferguson,500283291493494784
1,5,6,3,0.0959,1,ferguson,500359356589019136
3,10,18,6,0.5359,1,ferguson,500427786159681536
3,14,18,16,0.3159,1,ferguson,500422971320963072
12,26,132,46,0.6846,1,ferguson,500286984162525184
1,4,5,2,0.1318,1,ferguson,500288581081260032
3,8,19,11,0.2109,1,ferguson,500308076004929537
1,14,15,9,0.3276,1,ferguson,499366666300846081
0,0,1,1,0.0,1,ferguson,500292426154528770
2,8,10,6,0.4431,1,ferguson,500370960093302784
1,20,21,18,0.3351,1,ferguson,500322486362202112
14,58,127,27,0.7811,1,ferguson,500335355904540674
1,2,3,3,-0.4318,1,ferguson,498506343368519680
2,8,11,9,0.3869,1,ferguson,499456140044824576
7,17,40,29,0.0565,1,ferguson,500375839498723328
2,16,20,13,0.427,1,ferguson,500287491182579712
0,0,1,1,0.0,1,ferguson,500377191029673984
2,4,6,4,0.1309,1,ferguson,500320680810795009
6,6,19,19,-0.1191,1,ferguson,500336040440516608
0,0,1,1,0.0,1,ferguson,500314015609147392
10,37,53,21,0.6045,1,ferguson,500417151346696192
5,22,39,34,0.4624,1,ferguson,500280838710247424
4,9,18,8,0.4395,1,ferguson,500360094924931073
5,34,39,24,0.2611,1,ferguson,498293668655423488
1,15,16,7,0.4933,1,ferguson,500309193526882306
2,10,13,11,0.5141,1,ferguson,500283314230419456
2,6,8,5,0.1405,1,ferguson,500381163866062848
2,14,16,10,-0.0789,1,ferguson,500379055594946561
4,15,19,16,0.5851,1,ferguson,500360095738626049
5,9,16,3,0.1639,1,ferguson,500394061887709184
6,9,18,18,0.005,1,ferguson,500357713260724224
6,7,14,5,-0.2837,1,ferguson,500287224957898752
5,17,39,15,0.1879,1,ferguson,500290456845299714
6,8,17,10,0.0945,1,ferguson,500360978387976192
5,17,35,17,0.5166,1,ferguson,500278169828470784
24,6,89,10,0.6538,1,ferguson,500307001629745152
2,18,21,17,0.5208,1,ferguson,500359323588239360
14,8,45,16,0.4855,1,ferguson,500397785246466048
5,4,14,4,0.4917,1,ferguson,500291116403789824
3,8,12,9,0.5128,1,ferguson,500358977046474754
7,13,32,23,0.2338,1,ferguson,500358526804316160
10,39,81,28,0.5905,1,ferguson,500286058664579072
1,6,7,4,0.0075,1,ferguson,500298315368390657
3,4,7,5,-0.1613,1,ferguson,500372391407931392
0,0,1,1,0.0,1,ferguson,500285732578013185
0,0,1,1,0.0,1,ferguson,498320854707896321
3,11,15,7,0.0838,1,ferguson,500421926079066112
1,23,24,5,0.6298,1,ferguson,500298981558063107
3,22,28,14,0.6054,1,ferguson,500332042648055808
3,22,29,4,0.4461,1,ferguson,500295333486657536
25,9,88,14,0.6516,1,ferguson,500371231183745025
1,8,9,7,0.4327,1,ferguson,500278944881725440
0,0,1,1,0.0,1,ferguson,500321506371850240
2,12,14,9,0.2107,1,ferguson,500277808883830784
1,2,3,3,-0.3782,1,ferguson,499407248427188224
5,7,13,10,0.5069,1,ferguson,500287538578587648
1,18,19,1,-0.0089,1,ferguson,500290464621559808
0,0,1,1,0.0,1,ferguson,500311153583853570
2,19,23,10,0.5699,1,ferguson,500364921607974913
0,0,1,1,0.0,1,ferguson,498294764718915586
1,10,11,3,0.0242,1,ferguson,500305514447003649
3,6,11,8,0.4894,1,ferguson,500351760402493440
2,4,6,5,0.3017,1,ferguson,499456913902284800
5,12,19,19,-0.1358,1,ferguson,500298588992593920
5,8,16,4,0.0089,1,ferguson,500354853680340993
2,9,13,10,0.4023,1,ferguson,500286805720449025
4,11,18,12,0.2282,1,ferguson,500308705083400193
3,9,18,17,0.1049,1,ferguson,500378522398244865
2,8,12,7,0.394,1,ferguson,500321184269881345
1,3,4,2,-0.1344,1,ferguson,500287857727377408
1,3,4,3,-0.204,1,ferguson,500326267640905728
2,11,13,11,0.4693,1,ferguson,500359223557890048
4,9,16,6,0.2794,1,ferguson,500377906305327104
0,0,1,1,0.0,1,ferguson,500300944891199488
12,11,32,11,0.6181,1,ferguson,500284699760427009
4,4,9,3,0.3341,1,ferguson,500293872162205697
2,3,5,5,-0.1358,1,ferguson,500287313256402945
6,18,24,18,0.4154,1,ferguson,500360018928353280
0,0,1,1,0.0,1,ferguson,500284091305299968
3,6,11,8,0.235,1,ferguson,498498431271190528
2,16,19,4,0.1171,1,ferguson,500369479482630145
1,16,17,12,0.1548,1,ferguson,500310127896199168
1,7,8,4,0.1802,1,ferguson,499565555645685760
2,8,10,8,0.3677,1,ferguson,500251535943942145
2,8,10,6,0.0701,1,ferguson,500341884678836224
12,15,95,4,0.5776,1,ferguson,500279160795721728
4,4,8,4,0.1819,1,ferguson,500285938824908801
0,0,1,1,0.0,1,ferguson,500217516611108864
3,16,19,11,0.3985,1,ferguson,500266427840864256
15,8,44,9,0.5487,1,ferguson,500294349872062464
2,15,18,10,0.447,1,ferguson,499368533378498560
7,19,49,3,0.5076,1,ferguson,500297358908071936
3,13,17,3,0.4994,1,ferguson,500289307257868288
2,11,13,2,0.2642,1,ferguson,500325220193153024
3,12,17,8,0.2812,1,ferguson,500388477763325952
5,21,37,17,0.5148,1,ferguson,500389488217309184
2,16,19,17,0.179,1,ferguson,500369391339724802
5,15,21,17,0.3318,1,ferguson,500281131057811456
3,17,22,7,0.3175,1,ferguson,500378338582884352
2,13,16,9,0.4728,1,ferguson,500360596995731456
2,17,21,13,0.3766,1,ferguson,500371149713178625
2,10,12,3,0.2876,1,ferguson,500319675797209088
2,13,15,8,0.5579,1,ferguson,500377145349521411
7,11,19,18,-0.0975,1,ferguson,500251242124173312
1,16,17,9,0.2654,1,ferguson,498463591767756800
4,10,16,10,0.5041,1,ferguson,500284699546517505
3,39,45,10,0.6466,1,ferguson,500309222635360256
4,16,27,19,0.4439,1,ferguson,500388199064420352
10,12,53,35,0.5757,1,ferguson,500391222075076610
6,28,49,21,0.4289,1,ferguson,499368931367608320
2,37,41,20,0.6324,1,ferguson,500350777844457473
1,17,18,15,0.4789,1,ferguson,500285919539511296
4,14,19,19,-0.1124,1,ferguson,500294803402137600
2,8,11,6,0.3094,1,ferguson,500309745350508545
14,9,50,18,0.6985,1,ferguson,500382265076379649
1,2,3,2,-0.0253,1,ferguson,500367267901632512
2,7,9,4,0.0946,1,ferguson,500278365031370752
7,7,18,18,-0.0769,1,ferguson,500309381930844160
2,8,10,5,0.4222,1,ferguson,499699479688544257
2,13,15,6,0.5475,1,ferguson,499504676250066945
4,4,8,3,0.2413,1,ferguson,500393152444772352
2,8,11,11,-0.1611,1,ferguson,499430225043009537
47,12,230,2,0.6621,1,ferguson,500280809652514816
11,10,44,5,0.5505,1,ferguson,498254340310966273
1,2,3,3,-0.9299,1,ferguson,500278485001457664
8,6,20,5,0.5851,1,ferguson,498486826269548545
13,7,60,8,0.2735,1,ferguson,500280658665537537
4,14,23,14,0.4584,1,ferguson,499706705354448897
2,13,16,11,0.2789,1,ferguson,500278045597368320
3,11,14,10,0.4699,1,ferguson,500280422295937024
1,4,5,4,0.2115,1,ferguson,498280126254428160
4,13,18,8,0.0541,1,ferguson,500235112785924096
4,19,25,19,0.3098,1,ferguson,500354773133299713
4,17,23,21,0.6197,1,ferguson,500277526590423041
2,15,19,18,-0.1516,1,ferguson,500296158476906496
0,0,1,1,0.0,1,ferguson,500287295485128704
5,27,39,28,0.4458,1,ferguson,499648409767538688
2,6,8,8,0.0252,1,ferguson,500288263320768512
3,12,15,5,0.3666,1,ferguson,500300813835988992
4,15,23,22,0.4821,1,ferguson,499404849835175938
41,19,136,6,0.679,1,ferguson,500293392060780546
2,20,24,21,0.6282,1,ferguson,500358655834062848
3,13,20,2,0.1913,1,ferguson,498254929942028288
1,4,5,5,-0.3133,1,ferguson,500260514807947264
2,7,16,9,0.5421,1,ferguson,500279519455219712
0,0,1,1,0.0,1,ferguson,500306187624407040
2,17,19,19,-0.0792,1,ferguson,500290867681587200
1,7,8,6,0.2783,1,ferguson,500258409988763649
2,9,14,4,0.3292,1,ferguson,500287479015292928
4,13,20,7,0.0292,1,ferguson,500288971197263873
20,29,123,18,0.523,1,ferguson,500347920210989057
1,7,8,6,0.3995,1,ferguson,500289154581008384
1,2,3,2,-0.2088,1,ferguson,499642374428307457
5,9,19,6,0.2532,1,ferguson,499361662743220224
13,15,62,9,0.578,1,ferguson,499381843955707904
8,11,32,2,0.2809,1,ferguson,498305825341845504
3,11,15,12,0.2819,1,ferguson,500359075045990401
11,8,33,19,-0.0145,1,ferguson,500360244187635712
10,15,35,9,0.4981,1,ferguson,500294693356175360
2,31,33,28,0.1473,1,ferguson,500273257262886912
6,27,35,22,0.6878,1,ferguson,500296080710705152
1,7,8,7,0.0334,1,ferguson,500284871541940225
1,10,11,8,0.4491,1,ferguson,500375440285237248
0,0,1,1,0.0,1,ferguson,500359006331092994
4,8,16,12,0.2775,0,ferguson,499345384024842240
3,12,18,11,0.5081,0,ferguson,499441454498852864
2,16,19,4,0.2896,0,ferguson,500345408150065153
3,12,15,11,0.3861,0,ferguson,499689757652566016
2,17,19,1,0.4662,0,ferguson,500403838877462528
3,27,39,15,0.6838,0,ferguson,499571799764770816
2,16,19,16,0.4027,0,ferguson,499703128540061699
17,24,47,22,0.6082,0,ferguson,500317579060449280
7,14,39,13,0.5348,0,ferguson,500296988077076480
0,0,1,1,0.0,0,ferguson,498290802255466498
0,0,1,1,0.0,0,ferguson,499690835059814400
1,9,10,6,0.3795,0,ferguson,499613731312005121
2,17,19,19,-0.0662,0,ferguson,499363612260315136
1,8,9,3,-0.0953,0,ferguson,498272364560257025
1,20,21,19,-0.0047,0,ferguson,500331134040162304
3,24,28,8,0.6118,0,ferguson,500426667446513666
8,21,52,10,0.4878,0,ferguson,498507730395484160
2,20,22,9,0.3281,0,ferguson,499411840733282304
15,37,99,4,0.3321,0,ferguson,500382073593405442
2,14,18,13,-0.0101,0,ferguson,499701669437784064
0,0,1,1,0.0,0,ferguson,499556227874304000
5,7,21,7,0.4602,0,ferguson,498300832648273920
12,33,82,51,0.7736,0,ferguson,498289596463980544
3,9,12,3,0.4163,0,ferguson,499530401136668672
1,1,2,1,0.0,0,ferguson,499700906384842752
1,2,3,2,-0.6626,0,ferguson,500349993539358720
1,15,16,11,0.5252,0,ferguson,500315609171636225
1,3,4,2,-0.0812,0,ferguson,498285782512050176
1,6,7,5,0.331,0,ferguson,499409455814287360
1,20,21,14,0.6017,0,ferguson,499697887434248192
6,15,30,10,0.4404,0,ferguson,499363975377993729
2,15,19,3,0.2114,0,ferguson,499706211093471232
1,12,13,6,0.4858,0,ferguson,498274948772024321
1,1,2,2,0.0,0,ferguson,499362480179912705
2,17,19,19,-0.0009,0,ferguson,500329800725442562
4,6,10,7,-0.1744,0,ferguson,498487087105314816
11,18,46,24,0.6406,0,ferguson,499700579527299073
1,2,3,1,-0.4054,0,ferguson,499507509171060736
1,4,5,3,-0.1706,0,ferguson,498254540870017025
1,9,10,3,0.2451,0,ferguson,498263598062661633
2,17,19,15,0.2228,0,ferguson,499584606878715905
8,22,44,18,0.5584,0,ferguson,499440386767859712
0,0,1,1,0.0,0,ferguson,498495764486950912
4,8,19,19,0.0171,0,ferguson,500315984910372864
1,7,8,4,0.1496,0,ferguson,500363023958409216
8,16,28,13,0.424,0,ferguson,499453886474637312
0,0,1,1,0.0,0,ferguson,498491047329402880
0,0,1,1,0.0,0,ferguson,499606771246567424
1,6,7,3,0.2522,0,ferguson,498268463639851008
4,12,17,9,0.0987,0,ferguson,498616975850225664
6,5,21,1,0.4159,0,ferguson,499660771857809409
2,3,5,1,0.0796,0,ferguson,499652256288235521
0,0,1,1,0.0,0,ferguson,500422447623966721
12,18,74,28,0.7126,0,ferguson,499611719090450432
3,12,17,1,0.3389,0,ferguson,500376891623079937
1,8,9,3,0.1471,0,ferguson,500282674200604672
1,2,3,2,-0.1857,0,ferguson,499650234914713600
1,2,3,1,-0.774,0,ferguson,498304114955419648
2,2,4,2,-0.1605,0,ferguson,499363921661140993
2,15,17,6,0.568,0,ferguson,499401831874043905
2,14,19,13,0.5548,0,ferguson,500163615555878912
1,2,3,2,-0.0354,0,ferguson,500360684253638656
1,8,9,4,0.3824,0,ferguson,499408845127819265
1,2,3,1,-0.0979,0,ferguson,500270456830562305
2,6,8,3,0.1689,0,ferguson,500322285916401664
4,9,14,8,0.0942,0,ferguson,499377813758443520
0,0,1,1,0.0,0,ferguson,500339589601431552
2,4,6,6,-0.0612,0,ferguson,498280074941313024
0,0,1,1,0.0,0,ferguson,500272350906957824
3,11,14,1,0.1104,0,ferguson,499674991294951424
12,53,124,7,0.509,0,ferguson,499439795618480128
1,10,11,7,0.2163,0,ferguson,499383640267423744
1,2,3,2,-0.1163,0,ferguson,500314788610985984
8,24,59,4,0.3473,0,ferguson,500407038800056321
3,14,22,10,-0.2187,0,ferguson,498472666802958336
1,8,9,6,0.0867,0,ferguson,500266967102914560
2,14,17,7,0.5512,0,ferguson,499691814358888448
2,14,18,5,0.5454,0,ferguson,498281886603411456
7,22,38,16,0.1184,0,ferguson,499696733979688961
3,9,16,1,0.4646,0,ferguson,498530946338258944
2,18,20,11,0.6129,0,ferguson,500382270340214784
2,12,14,6,0.3586,0,ferguson,500192488003354624
1,8,9,4,0.3718,0,ferguson,500366207552196608
2,2,4,2,0.115,0,ferguson,499453410744483842
1,5,6,5,0.2932,0,ferguson,500396366829735936
0,0,1,1,0.0,0,ferguson,498504707393220608
24,15,61,24,0.731,0,ferguson,500430673099104256
3,16,21,9,0.2109,0,ferguson,498487611963744256
3,12,19,11,0.4955,0,ferguson,499536812109742080
2,7,9,7,0.3345,0,ferguson,499690323883589632
2,15,17,11,0.3476,0,ferguson,498492003903356928
4,3,8,2,0.253,0,ferguson,499394221984714752
1,3,4,3,-0.7596,0,ferguson,499653470417199105
2,7,9,3,0.4148,0,ferguson,498285556502372352
2,3,5,1,-0.1069,0,ferguson,499611069565112320
8,7,22,4,0.3545,0,ferguson,499366930457710592
4,12,20,1,-0.0241,0,ferguson,500069586063335424
1,10,11,11,0.0278,0,ferguson,499438052688023552
1,18,19,19,0.1079,0,ferguson,499700209484828672
0,0,1,1,0.0,0,ferguson,499703651079045121
0,0,1,1,0.0,0,ferguson,499402643869929474
8,6,20,5,0.4306,0,ferguson,500264535471980544
13,5,36,9,0.6218,0,ferguson,498499836900278272
0,0,1,1,0.0,0,ferguson,499704226294300672
3,16,19,2,0.2813,0,ferguson,500380708783665152
2,11,13,7,0.4225,0,ferguson,499663992697417728
1,4,5,2,0.0488,0,ferguson,499364002318020608
6,20,31,3,0.5756,0,ferguson,500246996163129344
0,0,1,1,0.0,0,ferguson,499478537468792832
4,8,14,3,0.302,0,ferguson,498314939359301632
6,14,35,2,0.6018,0,ferguson,499387698390790144
1,5,6,2,0.0245,0,ferguson,499601956491374594
1,16,17,12,0.1616,0,ferguson,499698964925796352
3,14,18,11,0.4242,0,ferguson,498287166909579264
3,13,20,16,0.1968,0,ferguson,499698828845780993
0,0,1,1,0.0,0,ferguson,500352850329751552
6,10,19,6,0.5166,0,ferguson,500365059390836736
12,13,84,4,0.6645,0,ferguson,499381321954000896
3,12,19,10,0.1747,0,ferguson,500320316602974210
2,17,19,9,0.2442,0,ferguson,499674159916789760
3,6,11,9,0.4367,0,ferguson,499700083265269763
1,16,17,17,0.1509,0,ferguson,500359897557790720
8,12,28,6,0.2769,0,ferguson,499481575059619840
1,2,3,1,-0.0212,0,ferguson,499360784666071040
9,14,29,15,0.3206,0,ferguson,499699052389208065
3,12,16,1,0.1497,0,ferguson,499359735947087872
1,3,4,2,0.0565,0,ferguson,500426437392732161
3,8,13,3,0.2221,0,ferguson,500335927248429056
3,29,39,25,0.409,0,ferguson,499702462865874944
4,14,19,14,0.1089,0,ferguson,498325055726559232
15,19,164,40,0.7423,0,ferguson,499394946416529409
1,5,6,5,0.2636,0,ferguson,499691638424608768
2,10,14,6,0.1705,0,ferguson,500289088285863936
2,21,23,11,0.5866,0,ferguson,498298040881782785
2,13,16,9,0.3119,0,ferguson,499702134279913472
3,14,18,18,-0.0006,0,ferguson,500369097360953345
2,15,18,6,0.1741,0,ferguson,499526002469797888
1,25,26,20,0.4835,0,ferguson,499693751720501248
1,1,2,1,0.0,0,ferguson,499524024012386304
2,7,9,2,0.2292,0,ferguson,500257166478282752
2,11,13,9,0.2891,0,ferguson,500396175753633792
1,7,8,3,0.3892,0,ferguson,499697194325114881
1,2,3,2,-0.0935,0,ferguson,500261600579043328
8,15,24,9,0.6175,0,ferguson,500312651797233665
4,25,35,11,0.5744,0,ferguson,500332097064550400
4,28,39,18,0.3502,0,ferguson,499706065769201666
1,4,5,5,-0.0832,0,ferguson,500363024926900224
21,5,58,3,0.5868,0,ferguson,499406854615597056
3,14,20,18,0.3829,0,ferguson,500375737439096833
10,19,61,31,0.6038,0,ferguson,499377470697926656
2,15,18,12,0.3204,0,ferguson,499689919929798657
9,15,55,7,0.7143,0,ferguson,499596695705894912
2,12,15,11,0.018,0,ferguson,500265950667870209
1,18,19,8,0.0311,0,ferguson,499529014797557760
6,12,27,18,0.6349,0,ferguson,499669671034257408
8,20,37,10,0.6367,0,ferguson,500315237375954944
1,10,11,3,0.4178,0,ferguson,500390232756617216
3,16,25,2,0.3094,0,ferguson,498340530770939904
1,4,5,4,0.0409,0,ferguson,499691501136650240
0,0,1,1,0.0,0,ferguson,500264892134207493
0,0,1,1,0.0,0,ferguson,499676350064508928
17,12,62,7,0.3685,0,ferguson,499345604297121792
5,6,16,2,0.294,0,ferguson,499701408904798208
1,3,4,3,0.1233,0,ferguson,498269289812856832
3,2,5,1,-0.1061,0,ferguson,500180625312083968
3,9,15,6,0.1936,0,ferguson,498267196833808384
3,16,19,19,-0.1313,0,ferguson,500269950876286976
5,14,19,2,0.4627,0,ferguson,498349598197702656
0,0,1,1,0.0,0,ferguson,500239327004471296
4,31,38,3,0.6973,0,ferguson,499567797064957952
1,16,17,4,0.5319,0,ferguson,500197999205965824
3,4,7,1,0.058,0,ferguson,498286045843435521
1,3,4,1,-0.0964,0,ferguson,498292628455034882
3,14,20,7,0.1103,0,ferguson,499662307560263680
4,14,19,4,0.2762,0,ferguson,499704241741520897
16,5,52,16,0.3347,0,ferguson,500370188970524672
2,8,10,7,0.0752,0,ferguson,499695682476060673
2,12,14,12,0.0633,0,ferguson,499699107615997952
2,11,14,5,0.4023,0,ferguson,500266977814790144
2,8,10,5,0.3364,0,ferguson,499690604302192640
1,6,7,3,0.0557,0,ferguson,498512372584415232
1,4,5,4,0.2353,0,ferguson,498486850521423872
2,12,15,4,0.2472,0,ferguson,500369693203378176
7,16,27,13,0.6184,0,ferguson,500408184562257920
8,7,19,3,0.516,0,ferguson,500303864495882240
1,2,3,1,-0.9132,0,ferguson,498311895716470784
2,4,7,4,0.1139,0,ferguson,499519101644308480
2,36,39,21,0.2534,0,ferguson,500234390723915776
16,18,103,12,0.7876,0,ferguson,499560002341044224
1,17,18,15,-0.0693,0,ferguson,500277472068263937
2,3,6,5,0.3068,0,ferguson,498322865843109888
3,11,17,13,0.2303,0,ferguson,500353295903637504
6,10,32,12,0.5344,0,ferguson,500350150695743489
2,10,12,7,0.4059,0,ferguson,498292200955195392
3,9,14,1,0.0796,0,ferguson,498235547685756928
11,32,44,7,0.5222,0,ferguson,500177556768034816
7,19,34,4,0.6463,0,ferguson,498590686065606657
8,10,34,13,0.0902,0,ferguson,500074069354905600
4,12,22,5,0.1461,0,ferguson,499647059688173569
3,11,20,8,0.1724,0,ferguson,498278882244853760
2,17,19,7,0.1103,0,ferguson,500413956230365185
6,16,47,2,0.5071,0,ferguson,499501246907432960
2,7,9,1,0.1664,0,ferguson,499357077429817344
10,53,116,48,0.5745,0,ferguson,499696744155062272
4,17,22,19,0.4257,0,ferguson,499701114195808257
4,9,13,11,0.3646,0,ferguson,499439550029381632
10,18,45,14,0.4083,0,ferguson,500365170796158976
5,29,43,9,0.5194,0,ferguson,498269697453084672
4,11,20,10,0.1397,0,ferguson,500380881563811840
1,4,5,1,0.2173,0,ferguson,499649813332639744
0,0,1,1,0.0,0,ferguson,499654313870761984
25,5,101,3,0.7037,0,ferguson,498515980205948928
4,2,8,8,0.0398,0,ferguson,499705269434085376
3,12,26,6,0.5406,0,ferguson,498499795192143872
1,1,2,2,0.0,0,ferguson,499602989133594624
0,0,1,1,0.0,0,ferguson,499464258183114754
2,7,9,8,0.3551,0,ferguson,498300256678076417
5,11,19,1,0.3573,0,ferguson,498544167757570049
2,7,9,5,0.077,0,ferguson,500384393362698241
2,17,19,7,0.5956,0,ferguson,498480344992350209
10,5,37,35,0.385,0,ferguson,499688832300630016
0,0,1,1,0.0,0,ferguson,500210207986028544
3,3,6,4,0.0761,0,ferguson,498275621651636224
0,0,1,1,0.0,0,ferguson,498269365175721984
0,0,1,1,0.0,0,ferguson,499672226887897089
2,2,4,2,-0.1305,0,ferguson,499457882144796672
2,4,6,2,0.2499,0,ferguson,498273703428620289
0,0,1,1,0.0,0,ferguson,500070913836982272
0,0,1,1,0.0,0,ferguson,499581876668227584
2,15,19,12,0.4087,0,ferguson,499699989237747712
0,0,1,1,0.0,0,ferguson,500249081286250496
0,0,1,1,0.0,0,ferguson,499635247311781889
3,3,7,1,0.166,0,ferguson,498473263862149120
3,26,33,2,0.2415,0,ferguson,499679142766735362
4,15,19,5,0.0504,0,ferguson,498303288295817217
0,0,1,1,0.0,0,ferguson,498310720350863362
2,10,12,11,0.2495,0,ferguson,499691429359517696
3,23,33,9,0.4935,0,ferguson,500070699768496128
2,13,17,2,0.2591,0,ferguson,500395288335360001
20,8,63,5,0.6699,0,ferguson,499637476315910146
6,11,19,13,-0.0283,0,ferguson,499402444267212800
1,15,16,8,0.3876,0,ferguson,500274697485824000
7,7,47,20,0.5127,0,ferguson,498489114384420865
4,13,20,14,0.6173,0,ferguson,500366417674268673
3,13,18,18,0.0731,0,ferguson,499697652385464320
2,21,23,7,0.5205,0,ferguson,500398901028196354
16,19,108,6,0.6739,0,ferguson,499541439962185729
11,17,60,19,0.5147,0,ferguson,500431179925823489
11,18,36,5,0.3996,0,ferguson,500277481119956992
0,0,1,1,0.0,0,ferguson,500392971636719618
4,9,13,3,0.4443,0,ferguson,498276354434277376
10,9,36,5,0.6855,0,ferguson,499563566786433024
12,8,27,2,0.556,0,ferguson,499553298668859392
2,10,13,11,0.2605,0,ferguson,499699803576881152
2,3,6,2,0.1565,0,ferguson,499678305134448641
1,18,19,7,0.2401,0,ferguson,498585089828478977
5,32,56,20,0.5687,0,ferguson,498248648699150336
3,13,21,8,0.513,0,ferguson,498530293116968960
0,0,1,1,0.0,0,ferguson,500301494340419585
0,0,1,1,0.0,0,ferguson,499360762167848960
2,13,18,10,0.3644,0,ferguson,499622667142844416
1,7,8,2,0.3701,0,ferguson,499389815268573187
2,17,19,19,0.1052,0,ferguson,500070108099002368
2,14,16,10,0.2596,0,ferguson,500320235841265665
1,16,17,12,-0.0103,0,ferguson,500072455931588611
4,38,52,18,0.6053,0,ferguson,499697037156171776
2,6,9,4,0.4118,0,ferguson,500347948635791360
1,3,4,4,-0.3464,0,ferguson,499702206455488513
6,4,18,1,0.509,0,ferguson,500322242296041473
2,8,10,2,-0.0291,0,ferguson,500213598149672960
1,8,9,4,0.3105,0,ferguson,498497395198799872
2,10,13,1,0.2979,0,ferguson,499604750888083456
0,0,1,1,0.0,0,ferguson,498317308771987456
2,7,13,2,0.2754,0,ferguson,500409399865651201
3,20,27,1,0.526,0,ferguson,500236774103605248
6,30,54,1,0.6067,0,ferguson,499406086945136640
14,26,115,8,0.651,0,ferguson,499598154581303296
1,2,3,1,-0.0044,0,ferguson,498300128088694786
2,11,14,10,0.4241,0,ferguson,499684402616864768
1,5,6,4,0.1284,0,ferguson,499435341259223040
1,9,10,6,0.1903,0,ferguson,500393530960121857
6,14,26,2,0.4925,0,ferguson,499671635067437056
1,7,8,3,-0.1141,0,ferguson,500186818374270976
4,9,24,11,0.4317,0,ferguson,499369948943495168
1,9,10,4,0.1569,0,ferguson,500367591773179904
3,6,9,2,0.3533,0,ferguson,500239577387659265
21,7,68,1,0.5601,0,ferguson,499408988422037505
4,16,23,13,0.2039,0,ferguson,499678822598340608
1,6,7,5,0.3676,0,ferguson,500385877684539393
2,17,19,5,0.3359,0,ferguson,499705246642622465
3,11,19,11,0.1742,0,ferguson,499584618165567488
3,13,19,9,0.157,0,ferguson,500383956362334208
6,7,19,1,0.5375,0,ferguson,500396027342376960
2,9,11,5,0.4832,0,ferguson,500275854434639872
6,18,47,29,0.4911,0,ferguson,500427783848615936
6,7,20,9,-0.1043,0,ferguson,498531639472189441
0,0,1,1,0.0,0,ferguson,499704570134941697
3,15,20,8,0.0604,0,ferguson,500352655827279874
1,2,3,1,-0.4617,0,ferguson,498302603034640384
19,27,84,19,0.6527,0,ferguson,500355828227252225
4,46,61,28,0.5646,0,ferguson,500396427378298880
3,11,17,2,0.1697,0,ferguson,499703254637219841
2,14,17,9,-0.0101,0,ferguson,499608179362521088
2,15,18,18,-0.0655,0,ferguson,499602370917978112
0,0,1,1,0.0,0,ferguson,498303921430204416
3,4,9,1,0.3877,0,ferguson,499674825753772033
3,8,12,6,0.4063,0,ferguson,499568802267672576
11,8,28,3,0.6502,0,ferguson,500296090671796224
9,18,63,3,0.3176,0,ferguson,499511714438971392
1,19,20,1,0.2242,0,ferguson,499589336816308227
11,41,99,32,0.5791,0,ferguson,499635302764662784
2,34,37,24,0.5917,0,ferguson,500339591392817152
8,9,20,10,0.4401,0,ferguson,500256984768475136
4,21,30,14,0.591,0,ferguson,499438977774931968
4,8,14,12,0.3959,0,ferguson,499691224169590784
4,11,18,5,0.3523,0,ferguson,499655869412286464
1,3,4,1,-0.354,0,ferguson,498584409055174656
3,4,7,6,0.3186,0,ferguson,499437429690888192
2,6,8,1,0.2412,0,ferguson,499488337338843137
5,32,40,12,0.276,0,ferguson,500429525558505473
0,0,1,1,0.0,0,ferguson,500257318219837440
1,2,3,1,-0.8677,0,ferguson,500212911856295940
3,4,7,6,0.3504,0,ferguson,498483784296448000
5,7,18,1,0.449,0,ferguson,498292602861400064
2,8,10,9,-0.024,0,ferguson,500406581855801345
6,23,36,1,0.5563,0,ferguson,498556324868009984
5,12,22,12,0.5644,0,ferguson,499702384424022016
0,0,1,1,0.0,0,ferguson,498318493293772800
3,14,19,4,0.1419,0,ferguson,500364705622671360
16,15,64,34,0.0967,0,ferguson,500376174095511552
0,0,1,1,0.0,0,ferguson,498532911143206913
16,66,236,58,0.7275,0,ferguson,499689349420568577
8,11,34,13,0.5673,0,ferguson,499388619425980416
1,7,8,2,0.1049,0,ferguson,499446112147628032
0,0,1,1,0.0,0,ferguson,498302254190166016
3,5,11,4,0.4757,0,ferguson,498401948585181184
2,5,8,1,0.0839,0,ferguson,499668221767999488
1,8,9,6,-0.0147,0,ferguson,499400566397607936
0,0,1,1,0.0,0,ferguson,500397058541379584
0,0,1,1,0.0,0,ferguson,498316826988642304
1,16,17,6,0.1065,0,ferguson,498477164380299264
9,19,45,4,0.2266,0,ferguson,498535462349582337
1,1,2,2,0.0,0,ferguson,500315536937324544
1,5,6,3,0.2469,0,ferguson,498602841335169024
1,3,4,2,0.1328,0,ferguson,498285529704976385
3,10,13,5,0.153,0,ferguson,498508707244683264
1,11,12,8,0.097,0,ferguson,500335761615355906
1,3,4,3,-0.5068,0,ferguson,499362269269336064
0,0,1,1,0.0,0,ferguson,500368969854103552
1,5,6,3,-0.0961,0,ferguson,500292129802186752
3,15,18,7,0.5217,0,ferguson,500183912384319489
1,1,2,1,0.0,0,ferguson,499361017038905344
3,17,20,19,-0.159,0,ferguson,499649754822103040
1,11,12,6,0.3997,0,ferguson,499412661176926209
2,10,13,10,0.2799,0,ferguson,498283233982025728
5,34,41,25,0.5789,0,ferguson,500360558806568960
5,14,23,18,0.5622,0,ferguson,499696550541795328
4,31,55,3,0.5398,0,ferguson,499385227362328576
5,8,15,9,0.4769,0,ferguson,499409692834021376
1,2,3,3,-0.6415,0,ferguson,499691593985957888
0,0,1,1,0.0,0,ferguson,500280176924557314
1,4,5,1,0.0152,0,ferguson,499388398529175552
1,9,10,6,0.2218,0,ferguson,498483031842500608
2,23,25,7,0.5949,0,ferguson,499478126570004480
8,30,68,35,0.73,0,ferguson,500347379938492416
3,29,46,1,0.5063,0,ferguson,499643185581142016
0,0,1,1,0.0,0,ferguson,500421515678978049
5,13,19,7,0.5606,0,ferguson,500334308867858432
0,0,1,1,0.0,0,ferguson,499471162058231808
8,7,15,2,0.2776,0,ferguson,499581469027618816
0,0,1,1,0.0,0,ferguson,500286170035523585
11,15,44,17,0.4877,0,ferguson,499700838127120386
10,18,52,34,0.7389,0,ferguson,499517463457849345
2,13,15,7,0.3499,0,ferguson,500386978467414016
3,8,15,11,0.2356,0,ferguson,500365332351971328
2,17,19,19,0.0185,0,ferguson,500320286341099523
3,8,11,9,0.1775,0,ferguson,499432169836531712
5,8,14,1,0.2612,0,ferguson,499531968229683200
3,9,13,12,0.4632,0,ferguson,499695074855624704
3,13,23,2,0.2755,0,ferguson,498560433021026304
2,16,19,19,0.068,0,ferguson,499387993879511041
11,15,52,5,0.3869,0,ferguson,498292317296812032
6,8,19,3,0.0155,0,ferguson,499571347375136768
8,16,39,6,0.4699,0,ferguson,500306548841660416
2,12,14,6,0.3154,0,ferguson,500430445830365184
2,3,6,5,0.1275,0,ferguson,499383196451368960
6,15,32,24,0.5085,0,ferguson,499692788993511424
1,2,3,2,-0.0037,0,ferguson,500405877460193280
3,12,19,10,0.3755,0,ferguson,499467982943186944
18,15,77,7,0.7111,0,ferguson,499698311306043392
4,7,17,8,0.2236,0,ferguson,499514668814467072
1,9,10,8,0.1999,0,ferguson,499703033174179840
6,17,27,17,0.6239,0,ferguson,499705810076053504
1,9,10,9,0.458,0,ferguson,500313811195158528
2,12,16,9,0.4044,0,ferguson,500231484725161984
6,35,51,4,0.401,0,ferguson,500286460210462720
5,10,19,4,0.3924,0,ferguson,500368724579192832
0,0,1,1,0.0,0,ferguson,500359673334493185
6,12,20,2,0.5359,0,ferguson,499569344184340480
2,5,7,7,0.1358,0,ferguson,499700213792387073
2,23,25,5,0.505,0,ferguson,499673760484433921
4,16,30,2,0.3268,0,ferguson,498527404386578432
1,11,12,12,0.2048,0,ferguson,500320616428601344
12,19,32,14,0.6361,0,ferguson,500288693031419904
1,5,6,5,0.2457,0,ferguson,500073002101665792
3,46,52,38,0.7126,0,ferguson,499691702660374528
0,0,1,1,0.0,0,ferguson,500315907567001600
3,3,8,6,0.3921,0,ferguson,498286281894682624
2,16,19,10,0.4024,0,ferguson,500379259698176000
3,10,20,7,0.3673,0,ferguson,499455799723184130
5,19,32,3,0.3386,0,ferguson,499439571520991232
0,0,1,1,0.0,0,ferguson,499361252691681281
1,18,19,6,0.2829,0,ferguson,499638207987089408
3,8,12,1,0.2943,0,ferguson,498302874531553280
7,9,19,15,0.1289,0,ferguson,499698825020592129
2,5,7,2,0.1964,0,ferguson,499651830951841794
4,11,16,3,0.4702,0,ferguson,499695028407922689
1,14,15,8,0.5434,0,ferguson,499347831954870274
0,0,1,1,0.0,0,ferguson,500250188221779968
12,13,112,26,0.8062,0,ferguson,498264107460870144
8,12,49,19,0.5997,0,ferguson,499595283504701440
12,20,47,10,0.5147,0,ferguson,499364522038394880
1,4,5,1,-0.2609,0,ferguson,499405013261635584
1,17,18,18,0.1116,0,ferguson,499700861900435456
1,9,10,6,0.468,0,ferguson,499660768908832771
5,11,22,19,0.5195,0,ferguson,500325111497777152
2,12,15,8,0.5513,0,ferguson,499706350759206912
7,18,34,25,0.6049,0,ferguson,500327581514993665
1,14,15,8,0.2212,0,ferguson,499463629251837952
1,6,7,6,0.2915,0,ferguson,500314823117115393
2,5,7,5,0.1649,0,ferguson,500277311652913152
0,0,1,1,0.0,0,ferguson,500413012822745090
1,2,3,1,-0.2725,0,ferguson,499690351875981313
4,12,19,2,0.3921,0,ferguson,499658267493019651
3,15,19,13,0.1748,0,ferguson,500419556629041152
4,8,15,9,0.3457,0,ferguson,499703369108553730
9,23,38,2,0.3021,0,ferguson,498310006169538561
8,11,28,3,0.5266,0,ferguson,498477676219600896
1,16,17,17,-0.1747,0,ferguson,499706791396392960
11,8,33,3,0.4425,0,ferguson,499386726414954496
0,0,1,1,0.0,0,ferguson,500416861016580096
22,16,178,98,0.8527,0,ferguson,499696948296028160
7,34,85,3,0.4524,0,ferguson,499346625760751616
3,33,37,16,0.6067,0,ferguson,500378874656854016
1,7,8,3,0.3311,0,ferguson,500180740127342592
1,4,5,1,-0.3119,0,ferguson,499564237552115712
0,0,1,1,0.0,0,ferguson,498488195047096320
3,11,14,9,0.2161,0,ferguson,500277382461530112
2,9,12,6,0.1346,0,ferguson,500347484154372097
1,10,11,6,0.473,0,ferguson,500411513727750148
1,3,4,2,-0.0454,0,ferguson,500254671337193474
1,5,6,6,-0.2387,0,ferguson,498301635756838912
3,16,20,17,0.6005,0,ferguson,498313143530303488
2,12,14,7,0.2519,0,ferguson,499426471300329472
2,6,8,8,0.2453,0,ferguson,498497371899449344
1,3,4,2,-0.0493,0,ferguson,498255721260400640
6,13,26,16,0.1978,0,ferguson,500283013541163008
1,5,6,2,0.2783,0,ferguson,500307863894786048
1,7,8,1,0.1408,0,ferguson,499679986727411715
2,6,9,4,0.0527,0,ferguson,499654272342953984
3,13,19,3,0.1997,0,ferguson,498267673789472768
1,4,5,1,0.2342,0,ferguson,500247508195749888
0,0,1,1,0.0,0,ferguson,500409565473943553
2,14,16,7,0.5708,0,ferguson,500189389855916032
9,20,47,15,0.68,0,ferguson,500293830827331584
2,15,18,18,-0.1503,0,ferguson,499648712596271107
1,10,11,1,0.368,0,ferguson,498316475317239809
4,12,19,6,0.3356,0,ferguson,498323364197699584
1,6,7,6,0.2071,0,ferguson,500292684192686080
2,4,6,3,-0.0156,0,ferguson,499472596853743618
11,26,50,19,0.5206,0,ferguson,499620682502635520
2,24,26,19,0.4834,0,ferguson,500399181627162624
7,22,59,1,0.517,0,ferguson,500234112054341632
0,0,1,1,0.0,0,ferguson,498286202077085696
1,2,3,1,-0.5601,0,ferguson,498489451954573312
2,18,21,5,0.4533,0,ferguson,500071770192216065
9,8,29,8,0.5803,0,ferguson,499704416937975809
5,10,18,7,0.4052,0,ferguson,500072334578159616
0,0,1,1,0.0,0,ferguson,499366152049803264
2,17,19,19,-0.1132,0,ferguson,499703794805276672
20,10,80,2,0.4222,0,ferguson,499592320900431872
1,4,5,1,-0.1915,0,ferguson,498473515302260736
6,22,42,1,0.7028,0,ferguson,499687644045918210
1,14,15,3,0.4452,0,ferguson,498510381774819330
1,18,19,17,0.4527,0,ferguson,498296205777326080
1,2,3,2,-0.0826,0,ferguson,498253149707464704
3,27,37,3,0.2849,0,ferguson,499688532391526400
8,144,239,146,0.7155,0,ferguson,499695918547861504
5,8,18,12,-0.0915,0,ferguson,499706059691663360
19,21,50,14,0.6895,0,ferguson,499386181310619649
5,9,16,13,0.5264,0,ferguson,499403422278619136
1,4,5,1,-0.4294,0,ferguson,498321666267561985
4,24,39,39,0.4,0,ferguson,499694783691239424
4,5,9,5,0.0464,0,ferguson,499665889198088192
0,0,1,1,0.0,0,ferguson,498269636551798784
3,15,18,11,0.1697,0,ferguson,500296369224310784
3,3,7,1,0.2412,0,ferguson,499397048878501888
3,25,38,1,0.2712,0,ferguson,500295570393542657
1,7,8,7,-0.2689,0,ferguson,500277301607542785
5,9,17,8,0.3388,0,ferguson,499375535458643968
1,6,7,4,0.0223,0,ferguson,499445575956578304
1,1,2,1,0.0,0,ferguson,499647397278937088
2,9,12,3,0.2283,0,ferguson,500255282757632000
1,3,4,1,0.0694,0,ferguson,498483485133516800
0,0,1,1,0.0,0,ferguson,499690032601772032
3,14,19,16,0.2753,0,ferguson,499698817567293440
0,0,1,1,0.0,0,ferguson,499702088512049152
0,0,1,1,0.0,0,ferguson,500368204376850432
2,8,11,4,0.3033,0,ferguson,500413489882484736
3,5,8,3,0.1812,0,ferguson,498602798687469568
2,13,17,11,0.0352,0,ferguson,499619724222038016
9,26,127,31,0.6708,0,ferguson,500297243371798528
4,8,14,4,0.46,0,ferguson,500420906670256128
0,0,1,1,0.0,0,ferguson,500310319844298752
6,27,42,5,0.6683,0,ferguson,500402449501286400
0,0,1,1,0.0,0,ferguson,498487999848800256
4,12,18,8,0.0372,0,ferguson,498287947301814274
0,0,1,1,0.0,0,ferguson,500070716650565632
4,4,9,2,0.3747,0,ferguson,499345023721537536
0,0,1,1,0.0,0,ferguson,499701576395919360
2,15,17,9,0.578,0,ferguson,499665704300191745
3,11,17,17,-0.0536,0,ferguson,500316260081889282
1,3,4,1,-0.4614,0,ferguson,500186504279625728
4,10,16,5,0.4945,0,ferguson,498291267756130305
2,3,5,1,0.0858,0,ferguson,500282606316158976
2,5,8,3,0.3242,0,ferguson,498294815579467777
24,25,220,26,0.387,0,ferguson,498512590260023296
4,24,46,17,0.5403,0,ferguson,500382853147164672
2,15,19,3,0.1477,0,ferguson,499655603405725696
3,7,10,6,-0.1325,0,ferguson,499362348940144640
2,16,19,18,0.5953,0,ferguson,498276304635322368
6,19,36,8,0.6326,0,ferguson,499410965075886080
0,0,1,1,0.0,0,ferguson,498265555833720832
2,17,20,15,0.0116,0,ferguson,500368901365317633
4,9,16,6,0.5421,0,ferguson,499698357397237762
0,0,1,1,0.0,0,ferguson,500250935885852673
1,15,16,12,0.5286,0,ferguson,499704667195322368
6,20,30,8,0.4223,0,ferguson,500366171716067328
1,4,5,4,0.2467,0,ferguson,500363097698086912
10,12,24,13,0.4583,0,ferguson,499657337985323009
2,4,6,4,0.1181,0,ferguson,498486539585069056
1,4,5,3,0.1948,0,ferguson,498308585227431936
0,0,1,1,0.0,0,ferguson,499703156889362432
20,30,177,59,0.8392,0,ferguson,500328049058279424
1,4,5,3,0.1605,0,ferguson,498356729634390016
1,18,19,15,0.3943,0,ferguson,500301870145880064
1,4,5,4,-0.0427,0,ferguson,500270284117925888
13,6,39,4,0.6716,0,ferguson,499605248747786240
0,0,1,1,0.0,0,ferguson,499652797030088704
3,9,12,7,0.3278,0,ferguson,498609222020780033
2,7,9,5,0.1611,0,ferguson,500315532382707712
2,16,19,6,0.4242,0,ferguson,500402908740210688
4,5,11,4,0.2425,0,ferguson,500328451929559041
2,5,7,5,-0.3698,0,ferguson,500072098178813954
3,25,32,8,0.3883,0,ferguson,499590048313262080
0,0,1,1,0.0,0,ferguson,499674902060744704
1,7,8,2,0.4117,0,ferguson,498251940997136384
3,15,18,3,0.4811,0,ferguson,499542449753051136
2,8,10,5,0.313,0,ferguson,498452658605535232
12,7,39,33,0.1392,0,ferguson,499554114024771584
2,14,20,1,0.1466,0,ferguson,498283586425200640
1,9,10,9,0.2122,0,ferguson,499345010190348288
2,6,9,2,0.0912,0,ferguson,498253652755111937
1,2,3,3,-0.0262,0,ferguson,498602787614511104
2,16,19,11,0.2346,0,ferguson,498318192000118784
4,7,13,2,0.2012,0,ferguson,498463733447163905
3,6,11,4,0.0613,0,ferguson,499601812005998592
0,0,1,1,0.0,0,ferguson,498305851828879368
1,7,8,7,0.4084,0,ferguson,499697729225105408
1,15,16,8,0.3614,0,ferguson,499695460358311936
3,9,15,2,0.3361,0,ferguson,499626055251271682
1,1,2,1,0.0,0,ferguson,500176354185187328
2,16,18,18,0.1245,0,ferguson,500391462073532416
9,22,42,20,0.6066,0,ferguson,500285962342367232
2,17,19,16,0.3014,0,ferguson,499358869492367360
1,5,6,2,-0.0031,0,ferguson,498294775649665024
2,13,17,5,0.0586,0,ferguson,498355319979143168
1,10,11,7,0.456,0,ferguson,500386524416856064
2,8,10,4,0.4462,0,ferguson,498259432237969408
20,21,292,25,0.8238,0,ferguson,498433651835940865
2,13,15,10,0.2892,0,ferguson,498492636630896640
7,7,19,13,0.1618,0,ferguson,500277421506306048
0,0,1,1,0.0,0,ferguson,498286918011224065
1,5,6,6,0.1176,0,ferguson,498507434693246977
1,4,5,3,0.1736,0,ferguson,499667557247614977
2,5,7,1,0.2699,0,ferguson,499357289363431425
1,2,3,3,-0.739,0,ferguson,499361679197884416
9,7,26,4,0.2833,0,ferguson,499620598994444288
2,17,19,13,0.0782,0,ferguson,498274692873351170
3,5,8,5,0.1155,0,ferguson,499705915227271168
1,14,15,10,0.4904,0,ferguson,498575704582148096
0,0,1,1,0.0,0,ferguson,499412821671968769
2,17,19,19,-0.0877,0,ferguson,499349294034743297
1,3,4,2,-0.0905,0,ferguson,498452664527511553
1,14,15,7,0.4595,0,ferguson,500328583194509315
2,5,8,4,0.1049,0,ferguson,499598945417703424
7,18,40,9,0.5221,0,ferguson,499659628645720064
2,14,17,11,0.3159,0,ferguson,500276114011742208
5,17,27,6,0.4422,0,ferguson,498248415223246848
2,6,8,5,0.2372,0,ferguson,499553426133753857
6,9,23,6,0.5191,0,ferguson,500377192841609217
2,14,20,6,0.1932,0,ferguson,500162426998755330
0,0,1,1,0.0,0,ferguson,498297336968515584
33,13,105,13,0.707,0,ferguson,500308546815131648
1,10,11,4,0.1421,0,ferguson,499621957747224576
1,15,16,16,0.08,0,ferguson,500318003024494596
2,17,19,19,-0.2796,0,ferguson,500165620835840000
1,2,3,2,-0.0399,0,ferguson,500380282097520640
1,4,5,1,0.1114,0,ferguson,500326873407455233
7,23,49,5,0.6155,0,ferguson,500408829696544768
9,8,24,18,0.3747,0,ferguson,499705041238765568
4,7,13,3,0.3913,0,ferguson,498504673339666432
3,11,14,8,0.4033,0,ferguson,500221671245377537
3,2,5,1,0.0923,0,ferguson,498586725502173184
1,18,19,7,0.2063,0,ferguson,500363141034020865
1,3,4,1,0.0636,0,ferguson,499579650926858240
4,14,18,18,-0.1651,0,ferguson,499705963126202368
2,6,9,2,0.3348,0,ferguson,500163501961142275
2,12,14,6,0.1156,0,ferguson,499402006146977792
2,8,10,7,0.1479,0,ferguson,500285282650832896
0,0,1,1,0.0,0,ferguson,499583349267382273
1,2,3,3,-0.349,0,ferguson,499636076852420608
5,29,44,19,0.5831,0,ferguson,498285405142540289
2,2,4,3,0.1141,0,ferguson,498277197581664256
2,17,19,5,-0.0046,0,ferguson,499532858399412224
1,7,8,4,0.3904,0,ferguson,498500813845966848
0,0,1,1,0.0,0,ferguson,500364914796802048
2,31,34,19,0.3775,0,ferguson,498276771226451968
0,0,1,1,0.0,0,ferguson,500404509592387585
2,6,8,5,0.2756,0,ferguson,500364003734867970
1,1,2,1,0.0,0,ferguson,499405449951584256
3,12,15,13,0.2593,0,ferguson,499705042178691072
5,27,32,6,0.4288,0,ferguson,499683602452717569
5,5,13,3,0.4332,0,ferguson,500411055315910656
2,17,20,1,0.519,0,ferguson,498603999252467713
5,45,62,10,0.2486,0,ferguson,499651344622694400
6,36,72,10,0.543,0,ferguson,500355259341242370
3,3,6,2,-0.136,0,ferguson,499553513471741954
10,16,49,24,0.6511,0,ferguson,499692589143298049
0,0,1,1,0.0,0,ferguson,499364508641808384
0,0,1,1,0.0,0,ferguson,499363323335680000
3,13,18,1,0.1625,0,ferguson,498494758814109696
0,0,1,1,0.0,0,ferguson,499598115888848896
1,7,8,6,0.1749,0,ferguson,500360632093646848
1,8,9,9,-0.0669,0,ferguson,499696137708658688
1,1,2,1,0.0,0,ferguson,499584511710351361
4,6,15,10,0.0494,0,ferguson,499703127193305088
2,8,11,9,0.4932,0,ferguson,500307273659318272
1,3,4,2,-0.128,0,ferguson,500277477986828288
0,0,1,1,0.0,0,ferguson,500353227951718401
3,15,19,16,0.1763,0,ferguson,500316380063748096
1,1,2,2,0.0,0,ferguson,498530904139378688
0,0,1,1,0.0,0,ferguson,500386619564650496
2,16,18,16,0.1519,0,ferguson,500402804910206976
12,13,47,17,0.4217,0,ferguson,500318980007948288
13,11,66,40,0.6837,0,ferguson,500306837103968257
4,4,8,8,-0.0132,0,ferguson,498274934553317376
1,6,7,6,0.2724,0,ferguson,500319233558192128
1,7,8,2,0.0311,0,ferguson,499465611647275008
0,0,1,1,0.0,0,ferguson,499362994862960640
1,9,10,2,0.0123,0,ferguson,500405384503238656
0,0,1,1,0.0,0,ferguson,498457205801488385
2,14,16,9,0.2154,0,ferguson,500358258654470146
3,31,38,13,0.4566,0,ferguson,498482619232055296
2,14,20,20,-0.1456,0,ferguson,499427218171248641
2,5,7,3,0.3737,0,ferguson,498274493337702401
7,16,28,8,0.1958,0,ferguson,499657337548701696
3,10,14,9,0.301,0,ferguson,498256407980826625
3,6,10,4,0.3972,0,ferguson,499657584836874240
1,7,8,6,0.3817,0,ferguson,499697848737210369
1,8,9,5,0.2246,0,ferguson,499669445548449793
3,4,9,9,0.118,0,ferguson,500277854341697536
2,17,20,7,0.5125,0,ferguson,499484255869612034
14,32,161,83,0.4067,0,ferguson,500349179848560640
5,10,19,13,0.4171,0,ferguson,499376069485821952
1,3,4,2,-0.1666,0,ferguson,499444395800682497
3,26,31,17,0.2835,0,ferguson,499588291335692288
4,15,23,21,0.6188,0,ferguson,499693137670205440
7,21,33,17,0.0187,0,ferguson,500393439482368000
8,12,21,13,0.2496,0,ferguson,499699779426066432
0,0,1,1,0.0,0,ferguson,499401478235099137
1,6,7,3,-0.2141,0,ferguson,500353815132897280
1,1,2,1,0.0,0,ferguson,500293511632388097
3,12,17,11,0.3741,0,ferguson,499699366660423680
5,13,20,17,0.2367,0,ferguson,498284334806495233
8,9,28,1,0.4424,0,ferguson,498255816034893824
9,40,66,3,0.7316,0,ferguson,499673142114013186
1,4,5,4,0.1125,0,ferguson,499650640314777601
6,12,18,6,0.2188,0,ferguson,500263561298710528
0,0,1,1,0.0,0,ferguson,499693808515182592
1,11,12,3,0.3186,0,ferguson,499590929611640832
5,28,36,2,0.5817,0,ferguson,499576743967993856
1,5,6,2,-0.1363,0,ferguson,500072155166814209
2,16,18,17,0.2262,0,ferguson,500357314722156544
1,9,10,7,0.2409,0,ferguson,500286865963245568
2,9,13,9,0.2466,0,ferguson,499360134779637761
4,8,18,10,0.2059,0,ferguson,499574200596983808
2,5,7,5,0.37,0,ferguson,499701423135678464
2,4,6,2,0.2293,0,ferguson,498292732159619072
2,16,20,19,0.4646,0,ferguson,499689438092726273
1,2,3,3,-0.1533,0,ferguson,498277231253127168
2,2,4,3,0.1344,0,ferguson,499698366402789376
4,8,13,11,0.4483,0,ferguson,499662393627410432
1,2,3,2,-0.0283,0,ferguson,500251503903662082
9,4,20,4,0.4158,0,ferguson,499519439206092800
0,0,1,1,0.0,0,ferguson,500072137374171136
2,17,19,3,0.5188,0,ferguson,500362377062547457
3,6,10,7,0.047,0,ferguson,498281812821803008
4,7,14,1,0.1669,0,ferguson,499700824432717824
1,16,17,10,0.077,0,ferguson,500176071476936704
4,14,20,7,0.4833,0,ferguson,500299227969646592
1,9,10,5,0.2356,0,ferguson,499527157023277056
0,0,1,1,0.0,0,ferguson,500225210667122690
2,15,18,18,0.203,0,ferguson,500317687239966722
0,0,1,1,0.0,0,ferguson,499490314718310400
0,0,1,1,0.0,0,ferguson,499540195734065152
3,8,13,5,0.4568,0,ferguson,500231335668383744
3,12,16,12,0.4615,0,ferguson,498272080564334592
4,18,25,10,0.621,0,ferguson,498474035668586497
0,0,1,1,0.0,0,ferguson,500362044324208640
1,4,5,4,-0.1916,0,ferguson,498250100079341568
7,2,12,4,0.0696,0,ferguson,499365436816105473
1,10,11,6,0.049,0,ferguson,499355083734519808
3,13,17,17,-0.104,0,ferguson,499649872534831104
9,33,47,6,0.5359,0,ferguson,498529979672842241
6,8,16,7,0.4984,0,ferguson,500394005419409408
1,7,8,5,0.1742,0,ferguson,499687274326786049
2,17,19,17,0.0375,0,ferguson,500385585807499266
1,7,8,6,0.2482,0,ferguson,499705599454883840
3,14,27,2,0.3966,0,ferguson,500331472277225472
1,8,9,3,0.0702,0,ferguson,498271954185379840
4,9,16,1,0.516,0,ferguson,498474263255330818
1,1,2,1,0.0,0,ferguson,500252508884070400
0,0,1,1,0.0,0,ferguson,499349252938956800
2,6,9,8,0.3108,0,ferguson,499410901033054208
1,9,10,3,0.2242,0,ferguson,500240534481666049
3,4,8,1,0.2293,0,ferguson,498277678706077696
30,9,138,12,0.4689,0,ferguson,500302383747194880
4,12,18,6,0.0475,0,ferguson,499610913112989696
4,15,28,24,0.5159,0,ferguson,500362679039840257
3,10,16,12,0.4651,0,ferguson,498303769915191297
1,10,11,5,0.2077,0,ferguson,500384777514799104
0,0,1,1,0.0,0,ferguson,500308900957405185
2,3,5,4,-0.1129,0,ferguson,499705746377150464
2,14,16,5,0.3633,0,ferguson,498259903962570752
3,14,19,18,0.0967,0,ferguson,499607500187250689
1,16,17,7,0.4127,0,ferguson,500363602943942657
1,3,4,1,0.1467,0,ferguson,498524570593140736
3,4,10,1,0.4666,0,ferguson,499704336935821314
9,11,34,13,0.5784,0,ferguson,498466570675716096
2,13,17,4,0.216,0,ferguson,499606278910398464
1,5,6,4,0.2749,0,ferguson,498294248488574976
1,3,4,4,-0.7934,0,ferguson,498293625420148736
1,5,6,5,0.2596,0,ferguson,499387985096237056
2,11,15,12,0.4313,0,ferguson,499612195756728320
1,4,5,3,-0.4907,0,ferguson,500272399867068416
2,16,18,18,-0.1224,0,ferguson,499693411503726592
2,13,15,9,0.3184,0,ferguson,500281037486698498
3,5,9,2,-0.004,0,ferguson,500073277273165824
1,2,3,3,-0.302,0,ferguson,499444325646757888
0,0,1,1,0.0,0,ferguson,499704658139435008
1,13,14,8,0.1106,0,ferguson,498476761538371584
0,0,1,1,0.0,0,ferguson,499478732315566080
4,10,14,4,0.4146,0,ferguson,499691556652449792
0,0,1,1,0.0,0,ferguson,498600617645199361
0,0,1,1,0.0,0,ferguson,499412007573942272
0,0,1,1,0.0,0,ferguson,500395231305826306
2,11,13,2,0.3041,0,ferguson,499554248292458499
5,16,33,8,0.321,0,ferguson,500249630664560640
0,0,1,1,0.0,0,ferguson,500279951275606017
1,7,8,6,0.3766,0,ferguson,499692099005325312
2,8,11,6,-0.0539,0,ferguson,500236187395571713
12,14,46,12,0.6924,0,ferguson,500382437655207936
1,9,10,7,0.2005,0,ferguson,500318966422589440
20,29,103,13,0.7377,0,ferguson,499682060793937921
0,0,1,1,0.0,0,ferguson,499699270883110913
4,11,19,16,0.1741,0,ferguson,498277674692149248
0,0,1,1,0.0,0,ferguson,498271531386953728
2,8,10,3,-0.12,0,ferguson,498300897051807744
12,20,80,33,0.5135,0,ferguson,499697498072420352
1,2,3,3,-0.2377,0,ferguson,500279571988877312
3,13,20,11,0.5364,0,ferguson,499667482354143232
3,6,12,11,0.2352,0,ferguson,500171743466901505
1,2,3,1,-0.9465,0,ferguson,499381917490237440
10,10,34,14,0.4949,0,ferguson,500318336719134720
5,7,19,6,0.4106,0,ferguson,499652628825899009
2,4,6,3,-0.0647,0,ferguson,499361965035491329
6,38,63,20,0.5804,0,ferguson,499432557906104320
8,12,24,8,0.543,0,ferguson,499446567229603841
2,17,19,19,0.0825,0,ferguson,500360308289187840
1,8,9,3,0.0327,0,ferguson,498280730070622209
1,20,21,9,-0.0225,0,ferguson,499690869784846336
2,16,18,18,-0.021,0,ferguson,500399997113098240
0,0,1,1,0.0,0,ferguson,499685593857531906
1,9,10,1,0.4543,0,ferguson,499397804620386304
11,16,61,20,0.5758,0,ferguson,499585144416514048
0,0,1,1,0.0,0,ferguson,500361647144574976
1,18,19,6,-0.0222,0,ferguson,498262106937237504
1,3,4,2,-0.2476,0,ferguson,499362949166030848
5,23,34,5,0.6494,0,ferguson,499692915954704384
8,2,19,5,0.4508,0,ferguson,500302577557573632
0,0,1,1,0.0,0,ferguson,499702153909256193
3,13,20,18,0.0378,0,ferguson,500322373359661056
2,6,8,4,0.2516,0,ferguson,500224586064343040
7,36,59,5,0.3623,0,ferguson,500420356621213696
0,0,1,1,0.0,0,ferguson,498541831052083201
0,0,1,1,0.0,0,ferguson,499705545583263744
2,5,7,7,-0.0792,0,ferguson,499700279412281345
1,5,6,3,0.1933,0,ferguson,500274132756738048
1,14,15,14,0.5169,0,ferguson,500290098647547904
3,38,47,20,0.2692,0,ferguson,500329864017498114
11,7,57,13,0.6509,0,ferguson,499379061718659073
4,7,19,3,0.5344,0,ferguson,498265095559184384
15,6,59,42,0.7443,0,ferguson,498284429333524480
2,17,20,13,0.5035,0,ferguson,499411738467794945
4,6,11,4,0.4292,0,ferguson,499411596255719424
12,10,45,37,0.5143,0,ferguson,500400102125879296
2,6,9,1,0.1538,0,ferguson,499586890837016579
3,10,14,9,0.3314,0,ferguson,498483279943962625
3,16,25,5,0.5145,0,ferguson,499448210789007360
4,8,17,5,0.1186,0,ferguson,499361506132508673
12,5,36,4,0.3907,0,ferguson,499366977497214976
1,1,2,2,0.0,0,ferguson,499362441697193985
3,15,18,7,-0.1022,0,ferguson,500387959468982273
1,9,10,4,0.3434,0,ferguson,500176026882678784
3,3,6,6,0.1243,0,ferguson,499660656769921025
2,12,15,2,0.3292,0,ferguson,498279420885360641
1,18,19,18,0.2562,0,ferguson,499615655906533376
2,16,18,1,0.4188,0,ferguson,499704780366036992
2,4,7,3,0.2241,0,ferguson,498455001463664640
3,30,42,3,0.3661,0,ferguson,499649230181388289
2,10,12,5,0.3542,0,ferguson,499368426931228672
11,22,36,10,0.6322,0,ferguson,500270055540916224
10,35,88,20,0.6018,0,ferguson,500350460122136576
1,4,5,3,-0.0937,0,ferguson,499699435551866880
3,9,12,3,0.2479,0,ferguson,499575076468305923
10,11,41,21,0.4189,0,ferguson,498301902048997377
2,7,9,4,0.0705,0,ferguson,499424290748780546
4,14,19,2,0.3151,0,ferguson,499602333404504064
6,6,22,1,0.448,0,ferguson,500175929902395392
1,16,17,17,0.0032,0,ferguson,499681614549377024
2,6,8,4,0.3012,0,ferguson,500160181184249856
3,31,35,24,0.2118,0,ferguson,499696525808001024
2,4,6,4,0.2054,0,ferguson,499642704687816706
5,6,14,1,0.3661,0,ferguson,499583424114728961
0,0,1,1,0.0,0,ferguson,500164348963459072
1,13,14,9,0.4097,0,ferguson,500311883669585920
2,11,13,4,0.0935,0,ferguson,500278978557804544
6,17,26,16,0.387,0,ferguson,498283038338711552
1,7,8,2,0.2126,0,ferguson,498281104865259521
5,3,11,11,0.1083,0,ferguson,499427833102745600
5,20,34,23,0.4598,0,ferguson,498284302128668672
4,11,18,13,0.5762,0,ferguson,500271532279877632
2,10,13,9,0.3996,0,ferguson,500314545345552384
1,7,8,2,0.1358,0,ferguson,498305962726273024
0,0,1,1,0.0,0,ferguson,500288284195426305
1,1,2,1,0.0,0,ferguson,499699006298419200
10,18,57,1,0.5973,0,ferguson,498357910603575296
3,16,19,12,0.1833,0,ferguson,498264393185239040
7,15,28,8,0.4673,1,germanwings-crash,580342519516512256
4,4,8,4,-0.0941,1,germanwings-crash,581061272856326145
1,9,10,9,0.3284,1,germanwings-crash,580332109782466561
4,5,11,4,0.3716,1,germanwings-crash,581274406804025344
1,1,2,1,0.0,1,germanwings-crash,580320856561209344
15,6,37,4,0.4202,1,germanwings-crash,581132461960249344
6,19,33,24,0.6249,1,germanwings-crash,580319078155468800
5,11,26,16,0.6295,1,germanwings-crash,580334678340558849
2,17,19,17,0.4854,1,germanwings-crash,581063730319925248
2,6,8,5,0.0036,1,germanwings-crash,580883727624065024
4,14,21,9,-0.0032,1,germanwings-crash,581264214809022464
7,12,29,1,0.3655,1,germanwings-crash,581307361857392642
0,0,1,1,0.0,1,germanwings-crash,580372806178881537
0,0,1,1,0.0,1,germanwings-crash,580326762673901568
2,1,3,3,-0.3346,1,germanwings-crash,580323060533764097
2,12,14,5,0.2247,1,germanwings-crash,581303989406314496
1,3,4,3,0.0861,1,germanwings-crash,580347961256837120
2,18,20,20,0.2154,1,germanwings-crash,580697361799876608
3,10,26,11,0.6544,1,germanwings-crash,581290271997968384
0,0,1,1,0.0,1,germanwings-crash,581064157870555136
1,2,3,3,-0.4202,1,germanwings-crash,580320242020290560
6,4,24,2,0.4244,1,germanwings-crash,581301262269829120
1,4,5,3,0.1498,1,germanwings-crash,580320161082830848
1,7,8,6,0.1833,1,germanwings-crash,580699825030754304
11,7,33,22,0.6404,1,germanwings-crash,581450117972144128
8,10,34,24,0.6767,1,germanwings-crash,580321948070240256
2,2,4,3,0.1533,1,germanwings-crash,580330721719508992
1,2,3,1,-0.8732,1,germanwings-crash,580319968484421633
11,8,24,5,0.1567,1,germanwings-crash,581295858898989056
0,0,1,1,0.0,1,germanwings-crash,580347464907153408
2,1,3,1,-0.0844,1,germanwings-crash,581063816882065408
2,5,7,7,-0.1942,1,germanwings-crash,581064144394285056
1,4,5,3,-0.2654,1,germanwings-crash,580882302621843456
1,3,4,2,0.1045,1,germanwings-crash,580327692765151232
0,0,1,1,0.0,1,germanwings-crash,580368137796743168
1,3,4,3,-0.0296,1,germanwings-crash,580319856496644096
9,13,33,18,0.3661,1,germanwings-crash,580319999887347712
3,5,11,11,0.0046,1,germanwings-crash,580364973664309248
1,2,3,3,-0.7976,1,germanwings-crash,580317998147325952
1,1,2,1,0.0,1,germanwings-crash,580318020192571392
1,1,2,2,0.0,1,germanwings-crash,581061914001821696
8,7,27,25,0.3242,1,germanwings-crash,581252958446329857
2,10,13,9,0.3012,1,germanwings-crash,581394092648710144
4,15,20,19,0.3882,1,germanwings-crash,581359544682614784
0,0,1,1,0.0,1,germanwings-crash,580344171019542528
12,3,21,2,0.2003,1,germanwings-crash,581315281630318593
1,1,2,2,0.0,1,germanwings-crash,580699430690656256
1,1,2,1,0.0,1,germanwings-crash,580321350750990336
1,1,2,2,0.0,1,germanwings-crash,580335545265627136
0,0,1,1,0.0,1,germanwings-crash,580350166005248000
1,1,2,2,0.0,1,germanwings-crash,580324697415360512
5,7,24,22,0.5636,1,germanwings-crash,581063906682114048
2,9,11,8,0.2923,1,germanwings-crash,580320825351471104
5,10,18,6,0.3697,1,germanwings-crash,581411131547320321
1,8,9,8,0.0132,1,germanwings-crash,580317556516483072
1,1,2,2,0.0,1,germanwings-crash,580319458004193280
1,2,3,3,-0.7039,1,germanwings-crash,580883864521818112
10,14,29,9,0.647,1,germanwings-crash,581063753837481984
1,13,14,10,0.4246,1,germanwings-crash,580322346508124160
1,1,2,1,0.0,1,germanwings-crash,580318717860532224
3,16,23,18,0.5784,1,germanwings-crash,580320645906632704
1,1,2,2,0.0,1,germanwings-crash,580332485030125568
0,0,1,1,0.0,1,germanwings-crash,580329560350183424
1,1,2,2,0.0,1,germanwings-crash,580330369603366913
5,9,21,10,0.3019,1,germanwings-crash,581293286268129280
1,1,2,1,0.0,1,germanwings-crash,580322349569994752
2,5,7,6,0.1567,1,germanwings-crash,580326073776357376
1,5,6,1,0.1184,1,germanwings-crash,581405344288608256
1,3,4,4,-0.2561,1,germanwings-crash,580372127125131264
1,7,8,4,0.0681,1,germanwings-crash,580322066374721537
2,4,6,4,0.2256,1,germanwings-crash,580884605097664512
1,3,4,4,-0.2662,1,germanwings-crash,580356429615337472
1,2,3,3,-0.2278,1,germanwings-crash,580320856905269248
2,2,4,3,-0.1008,1,germanwings-crash,580324721381740544
1,4,5,3,0.2323,1,germanwings-crash,580333909008871424
1,3,4,3,0.1688,1,germanwings-crash,581377529124130816
1,2,3,3,-0.8997,1,germanwings-crash,581061237783556096
0,0,1,1,0.0,1,germanwings-crash,580346392431968257
5,16,24,24,0.1351,1,germanwings-crash,580320267777511425
1,5,6,4,0.2247,1,germanwings-crash,580357537083576321
2,4,6,6,0.1131,1,germanwings-crash,580320893668364288
5,4,22,10,0.4092,1,germanwings-crash,581288928646340608
3,7,12,8,0.4175,1,germanwings-crash,580348878370828288
1,16,17,10,0.3558,1,germanwings-crash,581287795991302144
1,11,12,8,0.1317,1,germanwings-crash,580349424058175489
0,0,1,1,0.0,1,germanwings-crash,580331453889708032
3,5,12,9,0.2255,1,germanwings-crash,581335535832039424
2,16,18,11,0.3509,1,germanwings-crash,580883793709547521
0,0,1,1,0.0,1,germanwings-crash,580885455257882624
1,2,3,2,-0.1515,1,germanwings-crash,580883510103281665
2,14,25,21,0.6105,1,germanwings-crash,580333763512705025
8,8,31,30,0.674,1,germanwings-crash,580319651399385088
13,8,34,19,0.058,1,germanwings-crash,580352273001410560
1,2,3,2,-0.0689,1,germanwings-crash,580706841769820160
3,17,21,17,0.1386,1,germanwings-crash,580365368805486592
0,0,1,1,0.0,1,germanwings-crash,580321925265788928
0,0,1,1,0.0,1,germanwings-crash,580328617713897472
1,1,2,2,0.0,1,germanwings-crash,580329875891974145
3,5,10,9,0.3479,1,germanwings-crash,580323165068509184
6,10,27,20,0.5411,1,germanwings-crash,581546828954411008
1,7,8,6,0.2428,1,germanwings-crash,581473088249958400
5,8,24,14,0.5421,1,germanwings-crash,580348081100734464
4,5,9,3,0.151,1,germanwings-crash,581299253743501312
1,2,3,2,-0.112,1,germanwings-crash,580347068457308160
2,17,20,11,0.5782,1,germanwings-crash,580340476949086208
1,7,8,5,-0.2494,1,germanwings-crash,580352540316946432
1,6,7,6,0.3259,1,germanwings-crash,580325235653799936
2,15,17,8,0.1579,1,germanwings-crash,580882121222434816
0,0,1,1,0.0,1,germanwings-crash,581291208506376192
5,15,21,12,0.1272,1,germanwings-crash,580319116302647297
0,0,1,1,0.0,1,germanwings-crash,580322005280493568
0,0,1,1,0.0,1,germanwings-crash,580327626419482624
1,1,2,2,0.0,1,germanwings-crash,580330302251393024
2,5,7,6,0.3405,1,germanwings-crash,581387966125248512
7,10,31,1,0.2595,1,germanwings-crash,581550667753504768
1,6,7,4,-0.0599,1,germanwings-crash,580335398683058176
1,1,2,1,0.0,1,germanwings-crash,580326473803767808
1,11,12,3,0.3563,1,germanwings-crash,580326222107951104
0,0,1,1,0.0,1,germanwings-crash,580347364562587649
1,2,3,2,-0.078,1,germanwings-crash,580319005703069696
4,5,9,7,0.1527,1,germanwings-crash,580320563891019776
1,15,16,14,0.3714,1,germanwings-crash,580327336505176064
19,5,32,14,0.191,1,germanwings-crash,580320890086383616
4,5,9,5,0.2566,1,germanwings-crash,580364656608428032
3,10,17,9,0.3018,1,germanwings-crash,581301336085553152
1,4,5,1,-0.3717,1,germanwings-crash,580318669483413504
0,0,1,1,0.0,1,germanwings-crash,581293685041557504
1,4,5,2,-0.053,1,germanwings-crash,580885624883904512
1,1,2,1,0.0,1,germanwings-crash,580321327845765120
0,0,1,1,0.0,1,germanwings-crash,580322782392762368
0,0,1,1,0.0,1,germanwings-crash,580336766663540736
1,1,2,2,0.0,1,germanwings-crash,581062604988162048
1,4,5,4,0.2403,1,germanwings-crash,580884417343815680
0,0,1,1,0.0,1,germanwings-crash,580347361039413248
2,9,11,9,0.2925,1,germanwings-crash,580339825649291264
5,9,15,15,-0.2299,1,germanwings-crash,580882674413375488
1,11,12,11,0.4194,1,germanwings-crash,580364138020507649
2,8,10,6,0.0276,1,germanwings-crash,581386155083620352
2,4,6,4,0.1576,1,germanwings-crash,580377478184755201
3,11,15,13,0.3568,1,germanwings-crash,580882417117958144
1,3,4,4,-0.3145,1,germanwings-crash,581047170637381632
1,1,2,1,0.0,1,germanwings-crash,580336849534648320
1,6,7,3,0.1652,1,germanwings-crash,580387098039046145
3,12,16,11,0.4712,1,germanwings-crash,581063145256538112
1,2,3,2,-0.5038,1,germanwings-crash,580326871302316033
1,8,9,8,0.225,1,germanwings-crash,581183387848859648
1,8,9,5,-0.068,1,germanwings-crash,580320945740480512
7,13,21,5,0.1735,1,germanwings-crash,581479017770979329
4,14,28,24,0.5947,1,germanwings-crash,581287562947395584
4,14,20,16,0.1836,1,germanwings-crash,581314363644121088
1,11,12,7,0.2266,1,germanwings-crash,580352532167311362
2,17,19,14,0.1216,1,germanwings-crash,580333904126742528
3,10,23,11,0.2025,1,germanwings-crash,580882701063979008
1,6,7,6,0.1109,1,germanwings-crash,580370249712697344
1,2,3,1,-0.0002,1,germanwings-crash,580329455173967872
1,3,4,2,0.0951,1,germanwings-crash,580366761398239232
3,8,12,7,0.4987,1,germanwings-crash,581437061363675136
19,13,77,34,0.5122,1,germanwings-crash,580320612155060224
0,0,1,1,0.0,1,germanwings-crash,581357303405813760
3,15,21,3,0.2913,1,germanwings-crash,580322927679279105
1,4,5,3,-0.0581,1,germanwings-crash,580325043705667586
1,1,2,2,0.0,1,germanwings-crash,580338165824667649
1,12,13,7,0.4411,1,germanwings-crash,580326012749221890
8,10,38,28,0.5406,1,germanwings-crash,580325799078793216
2,17,22,9,0.2767,1,germanwings-crash,580326807704088576
2,10,12,7,0.3012,1,germanwings-crash,580368417556992000
3,5,10,7,0.1529,1,germanwings-crash,580319184652890113
1,1,2,1,0.0,1,germanwings-crash,580329886532968448
0,0,1,1,0.0,1,germanwings-crash,581066887200694272
4,12,27,16,0.4895,1,germanwings-crash,581287108607811584
1,2,3,3,-0.2985,1,germanwings-crash,580371845997682688
6,17,24,17,0.6276,1,germanwings-crash,581153923987206146
0,0,1,1,0.0,1,germanwings-crash,580333028624457728
3,15,23,5,0.405,1,germanwings-crash,581404604677660673
1,8,9,9,-0.0287,1,germanwings-crash,580325458870460416
2,5,7,3,-0.2553,1,germanwings-crash,580369978546917376
1,14,15,8,0.4505,1,germanwings-crash,580320964875014145
5,7,25,19,0.5945,1,germanwings-crash,581296960830881792
1,4,5,3,0.1923,1,germanwings-crash,580320684305416192
0,0,1,1,0.0,1,germanwings-crash,580346142183002113
0,0,1,1,0.0,1,germanwings-crash,581317224096387072
1,3,4,3,0.0938,1,germanwings-crash,580325714567806976
1,1,2,2,0.0,1,germanwings-crash,580321169271877632
2,7,9,7,0.3316,1,germanwings-crash,580326111311171584
0,0,1,1,0.0,1,germanwings-crash,580338546856235009
19,12,54,22,0.5976,1,germanwings-crash,580325090367315968
1,5,6,4,0.1061,1,germanwings-crash,580379486732066817
1,2,3,3,-0.3893,1,germanwings-crash,580327197921120256
2,15,19,17,0.4625,1,germanwings-crash,580370275121938432
3,8,12,4,0.293,1,germanwings-crash,581386094337474560
1,6,7,3,0.3257,1,germanwings-crash,581300992194572288
6,9,23,11,0.4315,1,germanwings-crash,580326398620934144
2,17,22,22,0.1924,1,germanwings-crash,581063928953876480
1,4,5,4,0.197,1,germanwings-crash,580318938996740096
4,9,15,10,0.3399,1,germanwings-crash,580331561398108160
6,16,26,6,0.551,1,germanwings-crash,581409613913804800
1,2,3,1,-0.0825,1,germanwings-crash,580322453928431617
1,2,3,2,-0.3177,1,germanwings-crash,580321156508577792
0,0,1,1,0.0,1,germanwings-crash,580323315614543873
1,1,2,2,0.0,1,germanwings-crash,581063957684850688
2,4,6,4,0.3152,1,germanwings-crash,580882341880446977
1,14,15,10,0.4657,1,germanwings-crash,580339547269144576
1,2,3,2,-0.0772,1,germanwings-crash,580331000573476865
4,7,11,3,0.0462,1,germanwings-crash,580346992074842112
1,2,3,2,-0.1258,1,germanwings-crash,581299354431987712
0,0,1,1,0.0,1,germanwings-crash,580353449721655296
1,2,3,2,-0.0082,1,germanwings-crash,580347290633838592
0,0,1,1,0.0,1,germanwings-crash,580320995266936832
4,15,19,8,0.2368,1,germanwings-crash,580350426278719488
7,18,35,25,0.0098,1,germanwings-crash,580320745974288384
1,1,2,2,0.0,1,germanwings-crash,580364236330762240
1,5,6,4,0.1391,1,germanwings-crash,580330740086243328
2,2,5,3,0.2351,1,germanwings-crash,581303832895885312
0,0,1,1,0.0,1,germanwings-crash,580885187837325312
0,0,1,1,0.0,1,germanwings-crash,580324985148932097
1,2,3,3,-0.07,1,germanwings-crash,581063377226637312
1,3,4,2,-0.0459,1,germanwings-crash,580323815261016064
1,2,3,3,-0.4472,1,germanwings-crash,580360165540642816
4,9,19,2,0.2624,1,germanwings-crash,581107798932631552
0,0,1,1,0.0,1,germanwings-crash,580327924978569216
3,17,22,8,0.3462,1,germanwings-crash,581302544116379648
1,5,6,2,0.0206,1,germanwings-crash,580350000074457088
2,15,19,13,0.5688,1,germanwings-crash,580321844089212928
3,5,8,3,0.0888,1,germanwings-crash,580353540725452800
0,0,1,1,0.0,1,germanwings-crash,580328783619579904
1,1,2,2,0.0,1,germanwings-crash,580318210609696769
0,0,1,1,0.0,1,germanwings-crash,580321317527879680
3,15,28,4,0.2614,1,germanwings-crash,581460720900050945
1,1,2,1,0.0,1,germanwings-crash,580323456996282369
2,19,21,21,0.2461,1,germanwings-crash,580371847335821312
1,4,5,5,-0.1505,1,germanwings-crash,580319206400475136
1,1,2,2,0.0,1,germanwings-crash,580333906597167104
1,2,3,1,-0.2518,1,germanwings-crash,580347360959717376
1,4,5,5,-0.2571,1,germanwings-crash,580321372703985664
0,0,1,1,0.0,1,germanwings-crash,580357700791468032
1,3,4,2,-0.3601,1,germanwings-crash,580324027715063808
1,2,3,3,-0.4478,1,germanwings-crash,580326045238333441
1,3,4,4,-0.5731,1,germanwings-crash,580320329203093504
2,18,23,13,0.3692,0,germanwings-crash,580339310299340800
1,3,4,2,0.1311,0,germanwings-crash,580349159569539072
2,3,5,2,0.1021,0,germanwings-crash,581254429996920832
1,6,7,1,0.0041,0,germanwings-crash,580332410853789696
1,5,6,3,-0.1896,0,germanwings-crash,580350403734310912
1,7,8,2,0.2359,0,germanwings-crash,580337440738713600
0,0,1,1,0.0,0,germanwings-crash,580330690807394304
4,14,23,22,0.597,0,germanwings-crash,580351758213447680
1,2,3,3,-0.6078,0,germanwings-crash,580336341080260608
3,18,22,19,0.55,0,germanwings-crash,580883100533690368
1,1,2,2,0.0,0,germanwings-crash,580334563932549120
1,10,11,8,0.0354,0,germanwings-crash,580340423044018176
3,6,11,5,0.1794,0,germanwings-crash,580333881687195648
1,1,2,2,0.0,0,germanwings-crash,580330986220687360
1,3,4,2,0.0852,0,germanwings-crash,580337873691533313
1,9,10,6,0.4101,0,germanwings-crash,581257660118491136
1,16,17,11,0.0819,0,germanwings-crash,581286157151039488
1,3,4,2,0.0183,0,germanwings-crash,580322102307373056
1,2,3,3,-0.147,0,germanwings-crash,580330454869512192
1,3,4,2,0.0323,0,germanwings-crash,580332903986524160
0,0,1,1,0.0,0,germanwings-crash,580329935601958912
0,0,1,1,0.0,0,germanwings-crash,580330161725255681
1,2,3,3,-0.127,0,germanwings-crash,580338392782757888
2,7,9,4,0.2357,0,germanwings-crash,580337826279124992
1,2,3,1,-0.3314,0,germanwings-crash,580332532694122497
1,1,2,1,0.0,0,germanwings-crash,580339793122447361
1,6,7,6,0.3812,0,germanwings-crash,580331071457333248
2,4,6,4,0.1294,0,germanwings-crash,580359081296293888
12,12,25,7,0.137,0,germanwings-crash,581246782765719552
1,1,2,2,0.0,0,germanwings-crash,580350698774241280
2,5,8,8,-0.254,0,germanwings-crash,580332451353985025
0,0,1,1,0.0,0,germanwings-crash,580335510280892416
1,2,3,2,-0.0008,0,germanwings-crash,580328302939889664
1,4,5,5,-0.0985,0,germanwings-crash,580329206158127104
2,18,22,19,0.4899,0,germanwings-crash,581280784155353088
2,16,18,11,0.4743,0,germanwings-crash,580324338865430528
0,0,1,1,0.0,0,germanwings-crash,580328535790907392
1,3,4,4,-0.3673,0,germanwings-crash,580323152103911424
1,7,8,3,0.0516,0,germanwings-crash,581325025569030145
1,2,3,1,-0.3535,0,germanwings-crash,580350587289604097
1,6,7,5,0.0691,0,germanwings-crash,580359809041604608
1,3,4,3,0.1399,0,germanwings-crash,580337292838981633
2,10,14,10,0.536,0,germanwings-crash,581260171688718336
5,9,27,20,0.6124,0,germanwings-crash,580886010575257601
1,8,9,7,0.394,0,germanwings-crash,581253085508534272
1,9,10,7,-0.0803,0,germanwings-crash,580364576560177154
3,1,4,4,-0.2441,0,germanwings-crash,580319983676313601
1,4,5,2,0.013,0,germanwings-crash,580330660537192448
1,1,2,2,0.0,0,germanwings-crash,580377986941206528
0,0,1,1,0.0,0,germanwings-crash,580331913052852224
1,4,5,3,0.1483,0,germanwings-crash,580330064384028673
1,1,2,2,0.0,0,germanwings-crash,580337583508570112
1,3,4,4,-0.1889,0,germanwings-crash,580325243631321088
1,3,4,1,-0.6742,0,germanwings-crash,580337446170320896
1,13,14,11,0.4712,0,germanwings-crash,580329096024047616
1,6,7,6,0.2964,0,germanwings-crash,580328000400564225
1,2,3,3,-0.4495,0,germanwings-crash,580330078682353665
0,0,1,1,0.0,0,germanwings-crash,580337831253581824
4,14,22,15,0.2681,0,germanwings-crash,580359480782786560
4,11,19,6,0.1382,0,germanwings-crash,581247332282306561
2,2,4,4,-0.0511,0,germanwings-crash,580329153553141760
1,1,2,1,0.0,0,germanwings-crash,580332990867349504
2,6,8,6,-0.075,0,germanwings-crash,581258923065389056
3,6,10,9,0.255,0,germanwings-crash,580337418550775808
1,2,3,3,-0.0194,0,germanwings-crash,580329937573302272
1,2,3,3,-0.361,0,germanwings-crash,580337320508919808
1,2,3,1,-0.5614,0,germanwings-crash,581266400192307200
3,16,25,20,0.5793,0,germanwings-crash,580351604831846400
2,2,4,4,-0.7308,0,germanwings-crash,580352792700821504
1,1,2,2,0.0,0,germanwings-crash,580328848774045696
2,16,19,13,0.0707,0,germanwings-crash,580351149619953664
4,16,21,20,0.2696,0,germanwings-crash,580326978546495488
1,10,11,10,0.403,0,germanwings-crash,580330441854435328
1,2,3,3,-0.7425,0,germanwings-crash,580336528955691008
2,10,12,10,0.3395,0,germanwings-crash,580357920984051712
1,2,3,1,0.0,0,germanwings-crash,580327418084364288
1,4,5,3,-0.1476,0,germanwings-crash,580329219646988289
5,14,26,17,0.5289,0,germanwings-crash,580333728762896384
1,1,2,1,0.0,0,germanwings-crash,580336348764065793
3,16,22,18,0.5631,0,germanwings-crash,580334729678966784
3,4,7,5,0.2704,0,germanwings-crash,580333314415919104
1,9,10,5,0.195,0,germanwings-crash,580359405620858880
3,7,14,5,0.2064,0,germanwings-crash,580346858846822400
2,10,12,9,0.1727,0,germanwings-crash,580343473607438336
1,5,6,3,-0.0444,0,germanwings-crash,580331706860871680
0,0,1,1,0.0,0,germanwings-crash,580331132878618624
1,1,2,1,0.0,0,germanwings-crash,580331255570530304
1,4,5,2,0.1976,0,germanwings-crash,580399487740297216
8,7,19,8,0.2335,0,germanwings-crash,580362104110071808
1,1,2,2,0.0,0,germanwings-crash,580332312354693120
13,14,36,19,0.4934,0,germanwings-crash,580340024736116736
2,16,18,12,0.421,0,germanwings-crash,580325486477357056
3,16,21,1,0.2803,0,germanwings-crash,580335420703170561
1,5,6,4,0.1315,0,germanwings-crash,580363156721131521
0,0,1,1,0.0,0,germanwings-crash,580331308146118656
1,2,3,2,-0.0354,0,germanwings-crash,580351367719591936
9,6,18,2,0.0627,0,germanwings-crash,580324804403818496
1,18,19,16,0.3808,0,germanwings-crash,580330591826128896
1,6,7,4,0.24,0,germanwings-crash,580331192316198912
1,16,17,13,0.5502,0,germanwings-crash,580370309884182529
3,6,9,9,-0.0651,0,germanwings-crash,580331121180844032
2,12,15,13,0.5528,0,germanwings-crash,581273151612575746
3,3,6,5,0.2736,0,germanwings-crash,580338189904285697
2,1,3,1,-0.0089,0,germanwings-crash,580346824269103105
1,8,9,5,0.4089,0,germanwings-crash,580327625626927104
1,2,3,2,0.0,0,germanwings-crash,580343941825953792
1,7,8,5,-0.0087,0,germanwings-crash,580359057825009664
4,7,13,7,0.4398,0,germanwings-crash,580327058158551041
3,14,18,8,0.5394,0,germanwings-crash,580339510883561472
2,15,17,16,0.2734,0,germanwings-crash,580336326634962944
1,2,3,3,-0.8182,0,germanwings-crash,580345253179342848
1,4,5,2,0.2299,0,germanwings-crash,580338194731962368
7,18,25,16,0.6225,0,germanwings-crash,580334309422161920
11,11,25,20,0.1518,0,germanwings-crash,580365989780520960
0,0,1,1,0.0,0,germanwings-crash,580332189155459072
0,0,1,1,0.0,0,germanwings-crash,580331981130498048
0,0,1,1,0.0,0,germanwings-crash,580336127699087360
1,5,6,5,0.2522,0,germanwings-crash,580323992843718656
0,0,1,1,0.0,0,germanwings-crash,580332684905431040
3,5,8,6,0.0011,0,germanwings-crash,580364934011334656
1,11,12,10,0.5141,0,germanwings-crash,581259253429702656
1,4,5,3,0.1357,0,germanwings-crash,580334199187644416
0,0,1,1,0.0,0,germanwings-crash,580328582993616896
1,4,5,5,0.0375,0,germanwings-crash,580352417541287936
7,11,35,25,0.1414,0,germanwings-crash,580326370640818176
1,1,2,2,0.0,0,germanwings-crash,580336661206331392
1,1,2,1,0.0,0,germanwings-crash,580322026029654018
1,2,3,3,-0.0643,0,germanwings-crash,580344006682505216
9,7,18,2,0.5099,0,germanwings-crash,581256908251758592
1,1,2,2,0.0,0,germanwings-crash,580330362070540288
2,15,17,5,0.3753,0,germanwings-crash,580336568419921920
1,3,4,4,-0.1107,0,germanwings-crash,581295422414680065
2,14,21,17,0.2129,0,germanwings-crash,580364493928181760
1,2,3,3,-0.9338,0,germanwings-crash,580336554406711297
0,0,1,1,0.0,0,germanwings-crash,580882906014474240
6,17,27,16,0.5366,0,germanwings-crash,580365755750871041
2,15,17,9,0.4435,0,germanwings-crash,581247335998431232
1,5,6,5,0.114,0,germanwings-crash,580332832544976896
0,0,1,1,0.0,0,germanwings-crash,580355581254471680
1,3,4,2,0.0609,0,germanwings-crash,580347646465949696
6,4,16,11,0.4887,0,germanwings-crash,580322332348190720
2,7,11,9,0.1432,0,germanwings-crash,580331527675998208
3,7,13,12,0.475,0,germanwings-crash,580398796124876800
1,2,3,2,-0.1248,0,germanwings-crash,580349419360526336
2,3,5,4,0.1447,0,germanwings-crash,580335608477982720
2,17,19,11,0.3903,0,germanwings-crash,580333827425439745
0,0,1,1,0.0,0,germanwings-crash,580329265251536896
3,12,15,12,0.5326,0,germanwings-crash,581325197661376512
1,1,2,1,0.0,0,germanwings-crash,580331347752914944
2,6,9,8,0.4464,0,germanwings-crash,580328029852856320
1,4,5,1,0.0138,0,germanwings-crash,580351390570135552
0,0,1,1,0.0,0,germanwings-crash,581305416795103232
1,2,3,3,-0.3733,0,germanwings-crash,580328297462140928
1,8,9,7,0.3079,0,germanwings-crash,580352455952732160
1,4,5,4,0.1592,0,germanwings-crash,580342401392312321
0,0,1,1,0.0,0,germanwings-crash,580332255693942784
7,13,30,13,0.532,0,germanwings-crash,580332876081811456
1,4,5,4,0.2328,0,germanwings-crash,580333759125458944
1,9,10,6,0.3974,0,germanwings-crash,580329111064686592
1,3,4,2,0.1312,0,germanwings-crash,580335102313500673
3,6,13,6,0.2419,0,germanwings-crash,581258486861983745
1,3,4,1,-0.172,0,germanwings-crash,581248880098086912
1,1,2,2,0.0,0,germanwings-crash,580321203757387776
4,8,19,3,0.527,0,germanwings-crash,580336069192843264
1,2,3,2,-0.6489,0,germanwings-crash,580332232121933824
1,4,5,1,0.1503,0,germanwings-crash,580355037504909312
1,8,9,7,-0.0045,0,germanwings-crash,580362323283615745
0,0,1,1,0.0,0,germanwings-crash,581248346309922816
8,5,25,6,0.4704,0,germanwings-crash,581249720376553472
6,5,16,9,0.4171,0,germanwings-crash,580327576218046464
1,2,3,3,-0.7084,0,germanwings-crash,581255457022570497
1,1,2,2,0.0,0,germanwings-crash,580329747416113152
1,1,2,2,0.0,0,germanwings-crash,580331843616133120
1,3,4,3,-0.0176,0,germanwings-crash,581318271321931776
1,3,4,3,0.0579,0,germanwings-crash,580328463585841153
0,0,1,1,0.0,0,germanwings-crash,580333915275165696
0,0,1,1,0.0,0,germanwings-crash,580328198564651008
10,11,29,15,-0.0103,0,germanwings-crash,580353737769820160
0,0,1,1,0.0,0,germanwings-crash,580346835295997952
1,6,7,6,0.3714,0,germanwings-crash,580335578069209091
1,2,3,3,-0.1908,0,germanwings-crash,581256046448111616
1,7,8,6,0.3813,0,germanwings-crash,581245152158728192
1,3,4,3,0.1611,0,germanwings-crash,580327960638521344
1,3,4,2,-0.5463,0,germanwings-crash,580342670511472640
3,2,5,5,0.2144,0,germanwings-crash,580328132932022272
3,8,11,10,0.4892,0,germanwings-crash,580351083383517185
1,1,2,2,0.0,0,germanwings-crash,580322653472493569
4,16,24,14,0.03,0,germanwings-crash,580323498905702400
2,5,7,3,0.2364,0,germanwings-crash,580332296336732160
3,6,12,8,0.3075,0,germanwings-crash,580336772128870400
2,9,12,10,0.386,0,germanwings-crash,580339662096605184
1,1,2,2,0.0,0,germanwings-crash,580332380436709377
0,0,1,1,0.0,0,germanwings-crash,580328565255852032
0,0,1,1,0.0,0,germanwings-crash,580364889736232960
8,9,18,6,0.3605,0,germanwings-crash,580355192908095488
1,13,14,6,0.2458,0,germanwings-crash,580365806720122880
1,7,8,3,0.2375,0,germanwings-crash,580380219921580032
1,8,9,7,0.0757,0,germanwings-crash,580361142666563584
3,12,20,4,0.5409,0,germanwings-crash,580335409202348032
1,1,2,1,0.0,0,germanwings-crash,580324933525467136
1,2,3,2,-0.0812,0,germanwings-crash,580328708675887104
1,19,20,13,0.3195,0,germanwings-crash,580341214098137089
4,13,20,18,0.2513,0,germanwings-crash,580388756043083777
1,6,7,5,0.2231,0,germanwings-crash,580330104846475264
2,2,4,3,0.1587,0,germanwings-crash,580323877429112832
1,2,3,1,-0.0329,0,germanwings-crash,581261457725210624
1,1,2,2,0.0,0,germanwings-crash,580336394184323072
1,8,9,6,0.4384,0,germanwings-crash,580377378226049024
1,6,7,4,0.3281,0,germanwings-crash,581302297579425793
1,2,3,2,-0.0036,0,germanwings-crash,580337178506584064
2,17,19,19,-0.0178,0,germanwings-crash,581262528107384832
1,4,5,2,-0.1986,0,germanwings-crash,580333946271113216
0,0,1,1,0.0,0,germanwings-crash,580323946899214336
1,5,6,1,-0.1557,0,germanwings-crash,580353986991112192
1,5,6,6,-0.077,0,germanwings-crash,580330560331091968
5,6,11,6,0.1337,0,germanwings-crash,580347051927597056
1,1,2,2,0.0,0,germanwings-crash,580331677899202560
0,0,1,1,0.0,0,germanwings-crash,580336204186521600
1,13,14,8,0.3672,0,germanwings-crash,581287723841032192
2,13,15,9,0.3369,0,germanwings-crash,580353697865187328
1,9,10,7,0.2887,0,germanwings-crash,580343329096904704
9,5,29,26,0.4796,0,germanwings-crash,580326744357515264
2,15,18,16,0.5331,0,germanwings-crash,580342917291708416
3,9,13,11,0.4674,0,germanwings-crash,580327611760545792
0,0,1,1,0.0,0,germanwings-crash,580329796527366144
2,5,7,5,-0.0234,0,germanwings-crash,580336782782382081
1,1,2,1,0.0,0,germanwings-crash,581274572823130112
2,4,6,5,0.2414,0,germanwings-crash,580354367796166656
5,6,16,12,0.1291,0,germanwings-crash,580358227713458176
7,8,18,14,0.519,0,germanwings-crash,580371776619839488
1,5,6,5,0.3266,0,germanwings-crash,580337327677026304
10,6,46,19,0.5903,1,ottawashooting,524964948683005952
13,9,36,15,0.6767,1,ottawashooting,524932935137628160
1,8,9,8,0.1973,1,ottawashooting,524926184069808129
1,3,4,3,0.1488,1,ottawashooting,524948866773184512
2,10,12,9,0.3094,1,ottawashooting,524991844292521984
1,6,7,4,-0.2223,1,ottawashooting,524989654995849216
1,3,4,3,0.1612,1,ottawashooting,524983403775799297
1,3,4,4,-0.0785,1,ottawashooting,525010245811466240
6,16,28,17,0.3062,1,ottawashooting,525052223030845440
5,11,21,16,0.2338,1,ottawashooting,524940014065811456
0,0,1,1,0.0,1,ottawashooting,524991452527722496
1,4,5,5,-0.4695,1,ottawashooting,524949021744713728
2,9,11,9,0.4121,1,ottawashooting,524948264148160513
4,7,15,14,0.0485,1,ottawashooting,525032520124207104
3,7,10,7,0.3578,1,ottawashooting,524944544681705472
2,7,13,11,0.444,1,ottawashooting,524929497205055488
0,0,1,1,0.0,1,ottawashooting,524952094986350592
3,4,7,2,0.2419,1,ottawashooting,524938162900967424
1,3,4,3,0.0467,1,ottawashooting,524961408740380672
1,6,7,7,-0.018,1,ottawashooting,524965786059026432
1,3,4,3,0.0838,1,ottawashooting,525021132022628353
4,16,21,18,0.4017,1,ottawashooting,524940077978640384
1,8,9,9,-0.162,1,ottawashooting,524970731202166784
3,16,23,1,0.2162,1,ottawashooting,525046462460477440
4,13,19,8,0.3821,1,ottawashooting,524947196131966976
2,14,16,9,0.1926,1,ottawashooting,525021358879936512
10,10,25,17,0.5612,1,ottawashooting,524928878075457536
1,16,17,7,0.0085,1,ottawashooting,525009850104037376
4,14,20,18,0.5502,1,ottawashooting,525035564014526464
2,18,20,20,-0.0219,1,ottawashooting,524952437137092608
2,18,20,11,0.4674,1,ottawashooting,524980219749597185
13,9,36,13,0.4316,1,ottawashooting,524953017389707264
3,13,16,11,0.1171,1,ottawashooting,524935769614331904
1,4,5,3,0.0145,1,ottawashooting,524954623145431041
1,4,5,2,-0.164,1,ottawashooting,525058976376193024
3,16,24,19,0.424,1,ottawashooting,524923293711998976
1,3,4,4,-0.1004,1,ottawashooting,524934827909210112
3,17,21,18,0.3805,1,ottawashooting,524974779540197376
9,14,24,24,-0.1451,1,ottawashooting,524975705206304769
1,5,6,6,-0.0344,1,ottawashooting,524975847846203393
1,10,11,11,-0.0073,1,ottawashooting,524949073154301952
1,5,6,6,-0.0026,1,ottawashooting,524935816603107328
2,10,12,9,0.1639,1,ottawashooting,524982699220803586
3,17,23,12,0.5962,1,ottawashooting,524944881941495809
2,16,18,16,0.3739,1,ottawashooting,524937594090844160
4,9,20,17,0.2523,1,ottawashooting,524962199543230464
1,2,3,3,-0.3011,1,ottawashooting,524941132237910016
1,1,2,1,0.0,1,ottawashooting,524938282732642305
1,16,17,12,0.4147,1,ottawashooting,525036240848945152
2,3,5,5,-0.5019,1,ottawashooting,524942946765131776
5,14,21,20,0.6249,1,ottawashooting,525023610243928064
6,10,21,21,-0.263,1,ottawashooting,525062013551001600
12,9,40,13,0.6586,1,ottawashooting,525028171549523971
14,4,56,16,0.1797,1,ottawashooting,525029016001318913
3,15,21,20,-0.0323,1,ottawashooting,524962748237889536
1,19,20,20,-0.0435,1,ottawashooting,525023642007371776
1,3,4,3,-0.1987,1,ottawashooting,524961362448240642
1,6,7,5,0.3696,1,ottawashooting,525052332116312064
2,4,7,5,0.2262,1,ottawashooting,524993533212897281
0,0,1,1,0.0,1,ottawashooting,525040509937795072
2,10,13,1,-0.0083,1,ottawashooting,524941041301225472
1,3,4,4,-0.2895,1,ottawashooting,524949439367380993
2,5,7,6,0.2783,1,ottawashooting,524977321430630400
1,6,7,4,0.1757,1,ottawashooting,524945676443340800
2,17,19,12,0.156,1,ottawashooting,524957517294886912
2,7,9,5,0.1631,1,ottawashooting,524978526974668800
5,15,20,19,0.4994,1,ottawashooting,524965723672961024
2,5,7,2,0.2814,1,ottawashooting,524995771587108864
4,13,24,22,0.5022,1,ottawashooting,525057025785356288
8,16,25,23,0.226,1,ottawashooting,524971492820647936
1,4,5,3,-0.2694,1,ottawashooting,524925987239120897
0,0,1,1,0.0,1,ottawashooting,525039208139087872
1,4,5,4,0.063,1,ottawashooting,524961659685588995
0,0,1,1,0.0,1,ottawashooting,524942058042449920
1,6,7,7,0.0851,1,ottawashooting,524951893467234304
7,11,21,7,0.1024,1,ottawashooting,524947674164760577
5,15,23,17,0.2467,1,ottawashooting,525036393983381504
5,4,10,9,0.4744,1,ottawashooting,524924619812511746
2,6,8,6,0.2159,1,ottawashooting,524953918166794240
1,7,8,8,-0.0127,1,ottawashooting,524951419175309312
1,2,3,1,-0.8011,1,ottawashooting,524926301678096384
1,4,5,5,-0.3202,1,ottawashooting,524973811092193280
3,11,14,12,0.3255,1,ottawashooting,524975142641086465
1,1,2,2,0.0,1,ottawashooting,525027116287811584
1,2,3,1,-0.2524,1,ottawashooting,524955304199352320
1,7,8,6,0.054,1,ottawashooting,524930575472136192
3,12,15,10,0.2329,1,ottawashooting,524947964620701696
13,16,34,26,0.3721,1,ottawashooting,524956129017995264
3,11,14,9,-0.0127,1,ottawashooting,525071376084791297
8,3,28,21,0.387,1,ottawashooting,524956294395224064
1,5,6,5,0.1785,1,ottawashooting,525040767317082113
1,8,9,8,-0.1629,1,ottawashooting,524976486902951936
6,13,24,22,0.4633,1,ottawashooting,525001895631654912
1,3,4,2,-0.0207,1,ottawashooting,524987990524047361
6,18,46,29,0.6635,1,ottawashooting,525017500061536258
6,11,29,23,0.4864,1,ottawashooting,524987432656453632
1,1,2,2,0.0,1,ottawashooting,524952154482946048
1,12,13,12,-0.0381,1,ottawashooting,524949828711620608
2,9,11,6,0.0619,1,ottawashooting,524950899899113473
3,9,17,9,0.375,1,ottawashooting,524955620538343426
2,8,11,8,0.2567,1,ottawashooting,524971124845985792
4,14,20,15,0.4786,1,ottawashooting,524976963862429697
1,3,4,3,0.0413,1,ottawashooting,524927356830760961
1,5,6,5,0.2713,1,ottawashooting,525006356731166720
2,18,20,16,0.269,1,ottawashooting,524981557770350592
1,3,4,2,-0.4859,1,ottawashooting,524964223185850368
1,2,3,3,-0.1073,1,ottawashooting,524975642379816960
1,4,5,3,-0.0682,1,ottawashooting,524942548066791424
1,5,6,5,0.2795,1,ottawashooting,524981945131102211
1,14,15,7,-0.0298,1,ottawashooting,525005886272843776
1,7,8,2,0.2706,1,ottawashooting,525018799347875841
3,6,9,9,0.2386,1,ottawashooting,524923678472286209
5,15,31,6,0.4328,1,ottawashooting,525013278343581696
1,4,5,4,0.2587,1,ottawashooting,524947744809418752
5,14,22,13,0.4557,1,ottawashooting,525027539845410816
1,13,14,10,0.4598,1,ottawashooting,524969963850051584
1,11,12,9,0.1065,1,ottawashooting,525026715123601408
2,17,20,19,0.4973,1,ottawashooting,524951314556796929
1,19,20,11,0.3206,1,ottawashooting,525070933556350977
0,0,1,1,0.0,1,ottawashooting,524994809912504321
1,3,4,2,-0.1838,1,ottawashooting,524979946218061824
1,7,8,6,0.1567,1,ottawashooting,524953391634866176
2,11,13,9,0.4852,1,ottawashooting,525044004287971329
4,15,21,18,0.1975,1,ottawashooting,524950404283772930
2,17,19,19,-0.0051,1,ottawashooting,524974318087061504
4,11,15,11,0.4799,1,ottawashooting,524987107081977856
1,6,7,3,0.0685,1,ottawashooting,525049639016615937
7,10,17,12,0.3405,1,ottawashooting,524943886553468929
1,3,4,1,-0.2304,1,ottawashooting,524983146266505216
1,4,5,4,0.2069,1,ottawashooting,524941124893700096
1,2,3,1,-0.2888,1,ottawashooting,525008613392515073
14,16,44,10,0.3571,1,ottawashooting,524927281048080385
3,6,9,3,-0.078,1,ottawashooting,524959332656349187
1,5,6,3,-0.1733,1,ottawashooting,525067419635576834
4,15,19,12,0.4841,1,ottawashooting,524951585231994880
1,12,13,12,0.0104,1,ottawashooting,524946179390701568
0,0,1,1,0.0,1,ottawashooting,524949315245322241
3,14,19,16,0.5256,1,ottawashooting,524976929703997441
2,6,8,7,0.3517,1,ottawashooting,524942353355005952
1,3,4,4,-0.182,1,ottawashooting,525023057526947840
9,19,34,13,0.4085,1,ottawashooting,524931913426157568
3,10,16,11,0.3036,1,ottawashooting,525032872647065600
2,17,19,6,0.5123,1,ottawashooting,525030696738652160
1,3,4,4,-0.1451,1,ottawashooting,524955557686284288
2,4,6,5,0.0926,1,ottawashooting,525047767325220865
1,3,4,4,-0.6704,1,ottawashooting,524935216134369281
1,4,5,3,-0.0173,1,ottawashooting,525025695425380352
6,17,23,8,0.3028,1,ottawashooting,524936365427806208
1,3,4,2,-0.1523,1,ottawashooting,524994747883323392
4,8,17,14,0.4053,1,ottawashooting,524954586696933377
2,11,13,9,0.2838,1,ottawashooting,524940030109036544
2,9,11,6,-0.043,1,ottawashooting,524927695633666049
3,14,18,14,0.3156,1,ottawashooting,524945879455653889
6,7,18,9,0.2306,1,ottawashooting,524947867975561216
2,4,6,5,-0.2796,1,ottawashooting,525028734991343617
3,6,9,8,0.3451,1,ottawashooting,524947971679744000
1,13,14,6,0.2882,1,ottawashooting,524970851675176960
2,15,18,17,0.5208,1,ottawashooting,524974885362479104
2,16,20,17,0.3804,1,ottawashooting,524940716733370374
1,11,12,7,-0.018,1,ottawashooting,525023025792835585
1,7,8,8,0.0715,1,ottawashooting,524950584349454337
1,4,5,5,0.1022,1,ottawashooting,525051365195014144
2,3,5,5,-0.2735,1,ottawashooting,524948554344054785
5,13,22,22,0.1146,1,ottawashooting,524935085863481344
1,19,20,5,0.1624,1,ottawashooting,525024518713397249
2,11,15,12,0.1308,1,ottawashooting,524968205690089472
3,14,19,4,0.3169,1,ottawashooting,525037656820826112
1,2,3,3,-0.7022,1,ottawashooting,524987184836005889
1,1,2,2,0.0,1,ottawashooting,525007664544493569
1,6,7,3,0.3317,1,ottawashooting,525061787860103169
9,8,19,18,0.4347,1,ottawashooting,525024181218725888
1,10,11,9,0.4901,1,ottawashooting,524945684966166528
2,9,13,9,0.1902,1,ottawashooting,524954833648771072
2,11,13,9,0.2522,1,ottawashooting,524935345998422016
1,6,7,7,-0.041,1,ottawashooting,524947870735429632
1,2,3,2,-0.4321,1,ottawashooting,525030416261337089
2,17,19,2,0.2387,1,ottawashooting,524964929083023360
1,2,3,3,-0.2,1,ottawashooting,524969878823137280
7,12,39,36,0.5791,1,ottawashooting,524984773211860994
1,11,12,12,0.0996,1,ottawashooting,524925050739490816
2,15,17,7,0.3494,1,ottawashooting,524950887119482882
2,14,16,11,0.3722,1,ottawashooting,524979668282519552
1,7,8,4,0.303,1,ottawashooting,525039876366798849
7,13,24,19,0.556,1,ottawashooting,524961721744900097
4,11,19,19,0.1246,1,ottawashooting,524953840127574016
10,9,28,8,0.1369,1,ottawashooting,524988712367955970
1,14,15,14,0.5579,1,ottawashooting,525059348574130176
7,15,23,17,0.5689,1,ottawashooting,524926445496197120
2,7,12,9,0.0363,1,ottawashooting,525057374965739520
3,9,12,7,0.2403,1,ottawashooting,525040408653754368
2,8,10,10,-0.0923,1,ottawashooting,524930293921107969
4,8,12,7,0.0098,1,ottawashooting,524953110285152256
3,16,19,17,0.4737,1,ottawashooting,524970966842376192
1,10,11,10,0.1268,1,ottawashooting,525025463648137216
1,4,5,4,0.2326,1,ottawashooting,524955062486196224
2,11,13,9,0.2812,1,ottawashooting,524949069945634816
1,4,5,5,-0.2665,1,ottawashooting,524967727266398209
1,9,10,6,0.2999,1,ottawashooting,524980744658382848
1,17,18,18,-0.0005,1,ottawashooting,525024066152169473
1,3,4,4,0.0059,1,ottawashooting,524948703850029056
2,8,10,10,-0.2442,1,ottawashooting,524991576163250176
2,6,8,8,-0.0312,1,ottawashooting,524949306101743616
2,4,7,7,-0.1817,1,ottawashooting,524968337747767298
2,2,4,3,-0.2107,1,ottawashooting,524998906799988736
1,16,17,15,0.3897,1,ottawashooting,524966582544781313
6,17,25,13,0.4637,1,ottawashooting,524948206023880704
3,17,22,21,-0.0365,1,ottawashooting,524965165759221760
2,22,25,19,0.1034,1,ottawashooting,524934941914968064
2,5,7,5,0.3164,1,ottawashooting,524961908903149568
5,4,11,3,0.3024,1,ottawashooting,524972277406773248
1,3,4,4,-0.7613,1,ottawashooting,525035552643751936
1,2,3,3,-0.5772,1,ottawashooting,524958743000125440
3,19,22,20,0.4318,1,ottawashooting,524962072262881280
8,16,30,23,0.3898,1,ottawashooting,524941720249978880
1,4,5,5,-0.2527,1,ottawashooting,524935758143324160
6,10,17,16,0.0181,1,ottawashooting,524951711941922818
1,10,11,9,0.249,1,ottawashooting,524941727753568257
3,15,22,19,0.0981,1,ottawashooting,525036214286815232
4,13,20,15,0.5556,1,ottawashooting,524990180034609152
3,6,13,10,0.0781,1,ottawashooting,525002243100401664
2,7,10,6,0.2707,1,ottawashooting,524949628689461249
3,14,21,13,0.4414,1,ottawashooting,524959027516932096
2,17,20,6,0.2567,1,ottawashooting,524953604717686784
1,1,2,2,0.0,1,ottawashooting,524943063937208320
3,19,29,20,0.4309,1,ottawashooting,524982066564567040
0,0,1,1,0.0,1,ottawashooting,524977285133524993
1,7,8,2,0.3076,1,ottawashooting,524945665827545089
3,4,7,1,-0.0034,1,ottawashooting,524937542131793920
1,5,6,5,0.2164,1,ottawashooting,524990163446140928
6,6,18,10,0.2196,1,ottawashooting,524980504324358144
4,15,29,24,0.4905,1,ottawashooting,524969483317026816
3,16,20,20,-0.1412,1,ottawashooting,524949526487265280
1,10,11,9,0.2428,1,ottawashooting,524923676484177920
2,19,21,13,0.4361,1,ottawashooting,524985687704338432
2,11,13,9,0.4376,1,ottawashooting,524965406377664512
5,13,21,17,0.3306,1,ottawashooting,524946609453678593
1,5,6,4,-0.0185,1,ottawashooting,525038517844709376
1,10,11,7,0.0702,1,ottawashooting,524938107142283264
1,1,2,2,0.0,1,ottawashooting,524999488067633152
5,12,24,14,0.1263,1,ottawashooting,524933380929245184
4,14,21,19,0.313,1,ottawashooting,524967620588896256
1,3,4,3,-0.1616,1,ottawashooting,524934673760530432
1,3,4,1,0.0422,1,ottawashooting,524947502903345153
3,9,17,11,0.4222,1,ottawashooting,525058825909731328
4,15,30,8,0.5846,1,ottawashooting,524987851046658048
4,13,20,17,0.5758,1,ottawashooting,524983366261936130
1,8,9,6,0.0511,1,ottawashooting,525039686931075072
1,9,10,8,0.1985,1,ottawashooting,524969679790817280
1,11,12,11,0.4925,1,ottawashooting,524955159840182272
4,11,17,8,0.5231,1,ottawashooting,525023858831523841
2,11,16,14,0.2851,1,ottawashooting,524930538009006081
2,14,17,11,0.0161,1,ottawashooting,525040545870385153
2,18,22,20,0.4717,1,ottawashooting,525060425184858112
1,3,4,4,-0.1828,1,ottawashooting,524948268355051520
9,9,57,14,0.5463,1,ottawashooting,525046443103354880
1,14,15,8,0.3047,1,ottawashooting,525030963781595136
1,1,2,1,0.0,1,ottawashooting,524923610851729408
1,3,4,4,-0.2286,1,ottawashooting,524926472432410625
4,5,9,7,0.4337,1,ottawashooting,525026947307700225
1,1,2,1,0.0,1,ottawashooting,524982608716120065
1,6,7,6,0.3107,1,ottawashooting,524958227768020992
7,17,30,24,0.4159,1,ottawashooting,524936872666353664
1,5,6,5,-0.0465,1,ottawashooting,524962142563610625
2,5,7,7,0.0347,1,ottawashooting,524922507380670464
1,4,5,3,-0.0138,1,ottawashooting,524959836778536961
1,10,11,10,0.2695,1,ottawashooting,524928119955013632
2,18,20,17,0.2948,1,ottawashooting,525030117014507523
2,4,6,4,0.0133,1,ottawashooting,524935586025861121
1,2,3,3,-0.2752,1,ottawashooting,524935633463037953
8,8,20,16,0.5657,1,ottawashooting,524943721302089728
2,10,13,3,0.4452,1,ottawashooting,525033625788907520
3,18,25,19,0.5644,1,ottawashooting,524926279309860864
2,2,4,2,0.1252,1,ottawashooting,525068915068923904
5,9,19,12,0.3734,1,ottawashooting,524925730053181440
2,18,21,21,0.4449,1,ottawashooting,524976526891417600
1,4,5,4,0.1706,1,ottawashooting,524931110279852032
4,14,25,20,0.2203,1,ottawashooting,524969501704855552
1,7,8,8,-0.0356,1,ottawashooting,524943490887991296
1,5,6,6,-0.1787,1,ottawashooting,524974975623892992
3,7,10,3,0.088,1,ottawashooting,525055052801515521
5,13,20,15,0.6096,1,ottawashooting,524930671220105216
2,2,4,1,-0.663,1,ottawashooting,524977669902172160
1,17,18,10,0.3738,1,ottawashooting,525066876058361856
5,7,13,12,0.2564,1,ottawashooting,524952341561491459
4,9,15,10,0.5337,1,ottawashooting,524957429889777665
3,9,13,12,0.2578,1,ottawashooting,524952995034042368
1,4,5,5,-0.0112,1,ottawashooting,524938857180303360
0,0,1,1,0.0,1,ottawashooting,524952407625957376
2,15,17,14,0.3677,1,ottawashooting,524936966492942336
1,2,3,3,-0.2037,1,ottawashooting,524982531075371008
1,2,3,2,-0.0999,1,ottawashooting,525002842021445632
1,10,11,7,0.3105,1,ottawashooting,524975552638504960
7,8,23,13,-0.1478,1,ottawashooting,525042177643016192
3,7,11,10,0.2735,1,ottawashooting,524979133366165504
4,13,20,12,0.5787,1,ottawashooting,524942149973188608
3,10,15,9,0.5473,1,ottawashooting,524981513637888000
1,8,9,7,0.4434,1,ottawashooting,524939378552864768
1,6,7,2,0.163,1,ottawashooting,525021083892994049
4,9,16,10,0.2825,1,ottawashooting,524951625556066304
1,1,2,2,0.0,1,ottawashooting,524929769469538305
2,17,20,6,0.0275,1,ottawashooting,525029954908860417
1,5,6,5,0.2911,1,ottawashooting,524957647653863424
3,6,10,7,0.2978,1,ottawashooting,524934381828603904
3,19,24,13,0.6124,1,ottawashooting,525056576038518785
6,18,25,19,0.5744,1,ottawashooting,524959630158725120
6,4,12,5,0.3086,1,ottawashooting,524972443308683264
7,9,35,30,0.5298,1,ottawashooting,525031558949134336
2,17,20,13,0.5933,1,ottawashooting,524936793633083394
3,11,17,12,0.1793,1,ottawashooting,525023912221212672
1,1,2,1,0.0,1,ottawashooting,525046432085327872
0,0,1,1,0.0,1,ottawashooting,524950428598153216
3,8,13,6,0.4673,1,ottawashooting,524949887591653376
1,6,7,4,0.2718,1,ottawashooting,524940659778920448
1,5,6,4,0.1452,1,ottawashooting,524950264303075328
1,7,8,6,0.179,1,ottawashooting,524954028287877121
0,0,1,1,0.0,1,ottawashooting,524977076433321987
1,3,4,4,-0.3287,1,ottawashooting,524943504192311296
1,11,12,10,0.3348,1,ottawashooting,525071638464049152
3,9,12,9,0.2591,1,ottawashooting,524976980799000578
11,6,33,4,0.6242,1,ottawashooting,525027651908800512
1,8,9,6,-0.0292,1,ottawashooting,525025279803424768
3,17,20,16,0.5427,1,ottawashooting,524945197705461763
2,15,20,20,0.2943,1,ottawashooting,524974106308251648
19,14,109,49,0.5951,1,ottawashooting,525033778637721600
1,2,3,3,-0.8424,1,ottawashooting,525055879545380864
2,16,20,17,-0.0184,1,ottawashooting,524956383318650880
1,7,8,8,-0.0799,1,ottawashooting,525025329916948481
2,6,8,4,-0.0062,1,ottawashooting,524938433262006272
1,6,7,6,0.2286,1,ottawashooting,524941529928839168
1,11,12,7,0.0397,1,ottawashooting,524923480173981696
17,43,88,14,0.6354,1,ottawashooting,524949339131904000
1,4,5,3,0.05,1,ottawashooting,524969137660231680
1,1,2,1,0.0,1,ottawashooting,524936137589411840
1,3,4,3,-0.1962,1,ottawashooting,524972166006464512
1,10,11,10,0.4049,1,ottawashooting,525047349757100034
1,3,4,4,-0.1172,1,ottawashooting,524944006577668096
1,3,4,3,0.1507,1,ottawashooting,524947416869388288
2,18,21,15,0.3419,1,ottawashooting,525067386849091584
1,1,2,2,0.0,1,ottawashooting,524936592159698944
3,7,14,8,0.3392,1,ottawashooting,524958128392376320
3,15,20,16,0.3501,1,ottawashooting,524943132409212928
1,6,7,5,0.0458,1,ottawashooting,524926235030589440
1,6,7,1,0.1736,1,ottawashooting,525048557569454080
2,14,20,12,-0.0166,1,ottawashooting,525039002307424256
2,5,7,6,-0.0543,1,ottawashooting,524966904885428226
4,19,25,20,0.4391,1,ottawashooting,525020326816927744
11,8,38,14,0.0207,1,ottawashooting,524957752138149888
6,13,35,24,0.5755,1,ottawashooting,525019752507658240
7,14,26,21,0.6186,1,ottawashooting,524991067675189250
1,2,3,3,-0.4115,1,ottawashooting,524931752725585921
9,9,23,11,0.373,1,ottawashooting,524944399890124801
2,14,16,15,0.5752,1,ottawashooting,524981689781870593
4,14,23,11,0.4397,1,ottawashooting,525072912957452289
3,16,23,16,0.5195,1,ottawashooting,524952883343925249
1,7,8,4,0.3413,1,ottawashooting,525036457732231169
7,15,26,21,0.5888,1,ottawashooting,525025806079504385
1,18,19,11,-0.0242,1,ottawashooting,524925215235911680
1,9,10,6,0.2045,1,ottawashooting,525025552634494976
10,14,36,17,0.4721,1,ottawashooting,525040097272819712
5,5,10,3,0.2904,1,ottawashooting,525008463819464704
3,5,8,8,-0.1928,1,ottawashooting,524931324763992064
3,14,19,19,0.3646,1,ottawashooting,524924225463668738
3,13,18,6,0.0165,1,ottawashooting,524944569528750080
9,15,49,21,0.5841,1,ottawashooting,525049831312875521
2,9,14,5,0.3926,1,ottawashooting,525067500447612929
6,14,29,24,0.6366,1,ottawashooting,525003468659228672
1,3,4,4,-0.4537,1,ottawashooting,524942470472548352
3,16,20,12,0.35,1,ottawashooting,524947424482435073
2,7,9,7,0.3521,1,ottawashooting,524924034124107776
1,7,8,4,-0.1199,1,ottawashooting,525033357722550272
1,5,6,6,-0.2477,1,ottawashooting,524924346411020288
1,12,13,11,0.0828,1,ottawashooting,524933657493250048
5,10,21,15,-0.0447,1,ottawashooting,524937968138878976
1,12,13,8,0.3413,1,ottawashooting,524945170777645059
3,7,10,7,0.3637,1,ottawashooting,524946336190586880
8,17,32,18,0.32,1,ottawashooting,524941504796962816
4,12,16,8,0.1426,1,ottawashooting,525038096086499328
8,6,17,13,0.4442,1,ottawashooting,525026592788348929
1,12,13,5,-0.0251,1,ottawashooting,525044262648676353
2,7,9,6,0.1023,1,ottawashooting,524948264886759424
2,10,12,8,0.2238,1,ottawashooting,524983050187579393
7,14,30,23,0.0821,1,ottawashooting,524946921547628545
1,3,4,3,0.0348,1,ottawashooting,524932056560963584
1,16,17,17,0.1215,1,ottawashooting,524943012602716160
2,10,18,16,0.3932,1,ottawashooting,524964564018790400
4,4,8,5,0.076,1,ottawashooting,525011494896148480
1,4,5,3,-0.0794,1,ottawashooting,524935246647926784
1,6,7,6,0.2451,1,ottawashooting,524944637489086464
2,15,17,14,0.2654,1,ottawashooting,525039242771464193
7,12,28,21,0.2381,1,ottawashooting,525033278555033601
1,4,5,2,-0.0474,1,ottawashooting,524965775036387329
4,13,17,12,0.357,1,ottawashooting,524926643325132800
4,5,10,7,0.2826,1,ottawashooting,524958599433691136
4,15,25,8,0.0878,1,ottawashooting,525026219100995584
5,3,9,8,0.2827,1,ottawashooting,524956372199555072
2,18,20,19,0.591,1,ottawashooting,524959809402331137
1,17,18,18,0.1622,1,ottawashooting,525045145079533568
5,7,19,16,0.1071,1,ottawashooting,524937204552843268
2,2,4,3,0.1525,1,ottawashooting,524976773671292928
18,13,45,13,0.5929,1,ottawashooting,524929893759737856
2,2,6,6,-0.3729,1,ottawashooting,524932327907270656
3,6,12,2,0.3771,1,ottawashooting,525034687245582337
1,2,3,3,-0.4769,1,ottawashooting,524939327399559170
4,4,8,7,0.4119,1,ottawashooting,524949026064850944
1,1,2,2,0.0,1,ottawashooting,524980579956449281
2,8,12,1,0.2004,1,ottawashooting,525048987649576960
1,8,9,4,0.1394,1,ottawashooting,525029913230053377
1,5,6,5,0.2946,1,ottawashooting,524949733983657984
4,5,9,8,0.4177,1,ottawashooting,524948941956448257
1,18,19,17,0.3043,1,ottawashooting,524929796862918656
4,18,23,22,0.6366,1,ottawashooting,525022700923019264
2,13,16,8,0.3811,1,ottawashooting,524954630279925760
1,4,5,5,-0.4602,1,ottawashooting,524966770428243968
1,9,10,7,0.311,1,ottawashooting,524967298604359684
3,13,19,11,0.3968,1,ottawashooting,525028522361114625
1,15,16,15,0.5152,1,ottawashooting,524977651476623360
4,18,23,20,0.5948,1,ottawashooting,524923341359300608
9,8,21,20,-0.0873,1,ottawashooting,524935485370929152
2,10,13,9,0.0242,1,ottawashooting,524937330923417600
1,3,4,4,-0.5026,1,ottawashooting,524949837729787905
1,5,6,6,-0.034,1,ottawashooting,524966392702189569
3,14,19,18,0.5875,1,ottawashooting,524983581983375360
2,8,10,9,0.4582,1,ottawashooting,524925553489760256
1,3,4,4,-0.2735,1,ottawashooting,524978172110987264
4,2,6,2,-0.0389,1,ottawashooting,524931019745812480
1,18,19,19,-0.0727,1,ottawashooting,524967376719466496
2,12,14,11,0.0118,1,ottawashooting,524923462398513152
2,13,16,16,0.049,1,ottawashooting,524970097711267841
3,13,17,2,0.3459,1,ottawashooting,525062993898635264
0,0,1,1,0.0,1,ottawashooting,524926768054956032
3,8,12,10,0.4463,1,ottawashooting,524935791794221057
1,7,8,5,0.4042,1,ottawashooting,524996383120818176
1,8,9,3,-0.027,1,ottawashooting,525021697003782145
1,7,8,5,0.2772,1,ottawashooting,524925033626738688
1,4,5,5,0.1012,1,ottawashooting,524949443607412737
1,7,8,6,0.4084,1,ottawashooting,524981436252950528
2,3,5,4,0.2567,1,ottawashooting,524974456851410944
1,9,10,10,0.4058,1,ottawashooting,524981223291383809
3,16,19,13,0.1115,1,ottawashooting,525041091507388416
1,1,2,2,0.0,1,ottawashooting,524931830173421568
1,7,8,7,-0.0601,1,ottawashooting,524933399828369409
1,2,3,2,-0.1418,1,ottawashooting,525029433632366592
1,6,7,5,-0.1145,1,ottawashooting,525022663102963712
11,8,37,6,0.3493,1,ottawashooting,524922729485848576
2,11,13,12,0.1116,1,ottawashooting,524932792925569024
2,8,10,5,0.2036,1,ottawashooting,524929106987991040
0,0,1,1,0.0,1,ottawashooting,524928195011698688
1,7,8,6,0.1776,1,ottawashooting,524985325190656000
2,9,13,7,0.2869,1,ottawashooting,525058633730891776
1,9,10,7,0.4263,1,ottawashooting,524932574909857792
1,3,4,3,-0.2624,1,ottawashooting,524983325275197440
1,2,3,2,-0.0628,1,ottawashooting,524947149134774272
1,5,6,2,0.1837,1,ottawashooting,524964989975937024
1,2,3,2,-0.0524,1,ottawashooting,524943114885427203
2,11,13,12,0.1146,1,ottawashooting,524975093966209025
1,17,18,11,-0.0158,1,ottawashooting,524969201102901248
5,12,21,12,0.2611,1,ottawashooting,524927288077746176
16,12,88,21,0.7932,1,ottawashooting,525051210349289472
1,5,6,5,-0.2092,1,ottawashooting,525029232691650561
1,3,4,4,-0.1536,1,ottawashooting,525057606151602176
1,6,7,1,0.0919,1,ottawashooting,525027873867198465
1,17,18,12,-0.1732,1,ottawashooting,524969144832491520
1,1,2,1,0.0,1,ottawashooting,524967711492014080
1,8,9,9,0.021,1,ottawashooting,524957566502445056
1,12,13,11,0.3829,1,ottawashooting,525065430713790465
4,11,16,12,0.5313,1,ottawashooting,524960247518330881
3,7,12,7,0.4445,1,ottawashooting,525027317551079424
1,5,6,6,-0.3081,1,ottawashooting,524943812339437569
1,9,10,6,0.0355,1,ottawashooting,525020620636307456
9,13,29,20,0.0453,1,ottawashooting,524925124303396864
2,17,19,14,0.3614,0,ottawashooting,524953530193301505
1,3,4,4,-0.2569,0,ottawashooting,524950507023245313
2,17,19,17,0.2209,0,ottawashooting,524967572689522688
1,18,19,19,0.0662,0,ottawashooting,524970488590651395
1,1,2,2,0.0,0,ottawashooting,524937597206790144
2,8,10,5,-0.1009,0,ottawashooting,524981890567385088
1,4,5,5,-0.0199,0,ottawashooting,524932558275235840
3,3,6,6,0.0216,0,ottawashooting,524937421180653568
1,12,13,10,0.305,0,ottawashooting,525055967076290560
2,18,20,15,0.4206,0,ottawashooting,524979548195024898
1,1,2,1,0.0,0,ottawashooting,524973223356940288
0,0,1,1,0.0,0,ottawashooting,524979152944779265
2,15,17,9,0.445,0,ottawashooting,525069752566575104
6,14,32,22,0.5538,0,ottawashooting,524924660480487424
0,0,1,1,0.0,0,ottawashooting,524943638812299265
3,4,7,6,0.3667,0,ottawashooting,524945095322513408
4,16,22,21,0.3166,0,ottawashooting,524982907052765184
1,1,2,2,0.0,0,ottawashooting,524935943925796866
1,4,5,3,-0.2788,0,ottawashooting,524964279456653312
0,0,1,1,0.0,0,ottawashooting,525071809226346496
1,4,5,3,0.179,0,ottawashooting,524997921042071553
1,1,2,2,0.0,0,ottawashooting,524939818347028480
1,19,20,19,0.2617,0,ottawashooting,524958409381384192
1,3,4,4,-0.3523,0,ottawashooting,524928297986433024
2,10,13,6,0.2153,0,ottawashooting,524944981753356288
2,1,3,1,-0.4654,0,ottawashooting,524993166651318273
1,1,2,2,0.0,0,ottawashooting,524955871689052160
1,19,20,10,0.2954,0,ottawashooting,524953508978909185
1,10,11,10,0.4547,0,ottawashooting,524954241547632640
1,12,13,11,0.2018,0,ottawashooting,524957773810135040
3,11,18,2,0.1722,0,ottawashooting,525040492388823041
1,18,19,19,-0.1081,0,ottawashooting,524980483479076864
1,2,3,2,-0.0037,0,ottawashooting,524944788525973505
2,6,8,7,0.4142,0,ottawashooting,524953077456318464
6,6,21,15,0.5374,0,ottawashooting,525007337724325889
3,15,20,15,0.5355,0,ottawashooting,524960814944747520
3,16,21,19,0.1411,0,ottawashooting,525028955049320448
9,18,34,19,0.3608,0,ottawashooting,524935906596499456
7,14,23,19,-0.0014,0,ottawashooting,525012247249428482
1,2,3,3,-0.695,0,ottawashooting,524960221694005248
5,13,19,6,-0.0596,0,ottawashooting,524995812854489089
1,10,11,10,0.4101,0,ottawashooting,524942952733220865
5,15,27,21,0.3968,0,ottawashooting,524949243883425793
3,18,23,13,0.4728,0,ottawashooting,524983236712476672
4,15,23,19,0.244,0,ottawashooting,525059193074487296
5,13,23,10,0.483,0,ottawashooting,525011747007377408
1,12,13,9,0.4298,0,ottawashooting,525044678765187072
1,16,17,11,0.3966,0,ottawashooting,525012912562536448
1,5,6,4,0.2201,0,ottawashooting,524930400272265216
1,15,16,10,0.142,0,ottawashooting,524963878904823808
3,11,14,6,0.3325,0,ottawashooting,524964630221705216
3,2,5,2,-0.2424,0,ottawashooting,524950321064607744
3,4,7,4,-0.0749,0,ottawashooting,525047079325155329
5,10,19,12,0.1436,0,ottawashooting,524949136173694976
1,2,3,3,-0.2123,0,ottawashooting,524944178586091520
1,1,2,1,0.0,0,ottawashooting,524986820850106370
4,5,11,8,0.1995,0,ottawashooting,525033443076628480
1,1,2,1,0.0,0,ottawashooting,524950203476869120
4,9,23,5,0.2964,0,ottawashooting,524968564306882560
2,4,6,5,0.3162,0,ottawashooting,524956518404198400
2,5,7,7,0.0605,0,ottawashooting,524947475858472960
5,12,18,8,0.244,0,ottawashooting,524993523746373633
2,15,19,11,0.2063,0,ottawashooting,525026973459165184
9,19,47,6,0.4914,0,ottawashooting,524932292406681601
1,12,13,10,0.2333,0,ottawashooting,524938137320312832
19,6,37,13,0.4206,0,ottawashooting,524995620088864768
2,5,7,4,0.2677,0,ottawashooting,524955083297931264
0,0,1,1,0.0,0,ottawashooting,524970142719963136
1,11,12,5,0.0684,0,ottawashooting,524954161054756864
1,4,5,3,0.1529,0,ottawashooting,524968330172850177
4,6,11,4,0.1834,0,ottawashooting,524930499790131200
2,12,14,3,0.3291,0,ottawashooting,525010084003213312
1,8,9,3,0.0516,0,ottawashooting,525034457086959616
0,0,1,1,0.0,0,ottawashooting,524947368865964033
0,0,1,1,0.0,0,ottawashooting,524984505376182272
0,0,1,1,0.0,0,ottawashooting,524937243518312448
5,9,21,8,0.2273,0,ottawashooting,524979881525137409
2,17,20,8,-0.0055,0,ottawashooting,524996756220956672
3,15,22,7,0.5139,0,ottawashooting,524959778125385728
8,11,38,3,0.5784,0,ottawashooting,524994965366382593
1,19,20,5,0.0536,0,ottawashooting,524923403183333376
1,6,7,3,0.1778,0,ottawashooting,524955317201666048
2,8,11,4,0.1598,0,ottawashooting,524960245509287936
1,4,5,5,-0.2575,0,ottawashooting,524925223226081282
1,8,9,8,0.4389,0,ottawashooting,524942687003484161
1,19,20,20,0.2911,0,ottawashooting,524950455743291392
1,2,3,3,-0.4342,0,ottawashooting,524938009834450945
6,12,21,6,0.3657,0,ottawashooting,525045203648790528
1,4,5,1,-0.4614,0,ottawashooting,524987150413336576
4,13,24,9,0.4991,0,ottawashooting,524937635698327553
2,7,10,7,0.4567,0,ottawashooting,524943226948820992
8,13,29,12,0.6134,0,ottawashooting,525007169956347904
4,10,18,5,-0.1754,0,ottawashooting,524930678983753728
1,6,7,6,0.1283,0,ottawashooting,524960851493924864
0,0,1,1,0.0,0,ottawashooting,524958250706681856
3,10,15,8,0.5377,0,ottawashooting,524979756371288064
2,5,7,4,0.0278,0,ottawashooting,524976857822011394
12,7,67,9,0.493,0,ottawashooting,525021103559696384
1,12,13,12,0.2724,0,ottawashooting,524977830124617728
1,1,2,1,0.0,0,ottawashooting,524944571256434688
10,16,28,12,0.0316,0,ottawashooting,524929550493712384
2,18,22,21,0.6031,0,ottawashooting,524991832451981312
6,7,13,9,0.4217,0,ottawashooting,524939821815721984
1,1,2,2,0.0,0,ottawashooting,524958383468978176
3,15,19,11,0.4862,0,ottawashooting,524974786460778497
2,17,20,19,0.3073,0,ottawashooting,524980166289002496
6,16,31,31,-0.1562,0,ottawashooting,524943615437848576
4,18,34,12,0.4048,0,ottawashooting,524998460848611328
5,10,29,20,0.3455,0,ottawashooting,525045709402148864
8,14,35,21,0.3873,0,ottawashooting,524955386697515008
1,1,2,2,0.0,0,ottawashooting,525068253341970432
1,5,6,2,-0.1108,0,ottawashooting,524947604690702336
1,7,8,4,0.2967,0,ottawashooting,524993172271665153
1,7,8,6,0.2202,0,ottawashooting,524961070465945600
0,0,1,1,0.0,0,ottawashooting,524933764330586112
3,8,20,11,0.4733,0,ottawashooting,525006853626159105
1,10,11,7,0.3126,0,ottawashooting,524980402495430656
6,16,25,4,0.2754,0,ottawashooting,524949897221795840
6,14,23,18,0.4521,0,ottawashooting,524923148576518144
4,13,20,9,0.3274,0,ottawashooting,525012561214058496
1,4,5,5,-0.2365,0,ottawashooting,524934300459077632
5,6,17,4,0.5289,0,ottawashooting,525001708318240768
1,6,7,4,0.2242,0,ottawashooting,525006847095615489
2,15,17,16,0.2708,0,ottawashooting,524966572277129216
1,2,3,2,-0.1298,0,ottawashooting,524951456362012672
1,1,2,1,0.0,0,ottawashooting,524988555178045440
3,10,13,12,0.4581,0,ottawashooting,524976835881205760
0,0,1,1,0.0,0,ottawashooting,525055273816555520
3,7,12,9,0.4161,0,ottawashooting,524934004152082432
2,7,9,6,0.3204,0,ottawashooting,524936008870400000
1,11,12,11,0.3894,0,ottawashooting,524978855531253760
2,17,20,16,0.4723,0,ottawashooting,524934897367285760
3,14,19,19,-0.1313,0,ottawashooting,525020980037816320
2,16,19,10,0.3661,0,ottawashooting,524936881348558849
2,4,6,3,-0.1207,0,ottawashooting,524995942995746819
1,2,3,3,-0.9418,0,ottawashooting,524924987774631936
3,13,16,10,0.2426,0,ottawashooting,524963322525798400
2,2,5,1,-0.0119,0,ottawashooting,525056022046851074
1,10,11,8,0.3918,0,ottawashooting,525052526593601537
0,0,1,1,0.0,0,ottawashooting,524979279701241856
3,4,9,2,0.4069,0,ottawashooting,525047104239333377
1,17,18,9,-0.0022,0,ottawashooting,525000349648949250
1,5,6,5,0.2376,0,ottawashooting,524985046198157313
2,2,4,3,-0.3596,0,ottawashooting,524947414050816000
4,16,20,17,0.3884,0,ottawashooting,524974900017373184
1,6,7,4,0.3089,0,ottawashooting,524964278030172160
1,1,2,2,0.0,0,ottawashooting,524967231902318592
19,5,51,24,0.3611,0,ottawashooting,524922078638903296
3,11,15,7,0.2413,0,ottawashooting,524955385480753153
2,2,4,4,-0.6206,0,ottawashooting,524937675115999232
1,3,4,4,0.129,0,ottawashooting,524937114539282433
1,10,11,2,-0.0747,0,ottawashooting,524949884143927296
3,17,21,16,-0.0012,0,ottawashooting,524934507892580352
3,1,4,1,-0.1925,0,ottawashooting,525049481679892481
4,20,27,16,0.5365,0,ottawashooting,525003253185277952
2,11,14,8,0.4957,0,ottawashooting,524965597793107968
1,9,10,6,0.112,0,ottawashooting,524955850591334403
2,15,19,4,0.5296,0,ottawashooting,525068387899031552
1,19,20,20,-0.0814,0,ottawashooting,525069189447704576
3,8,16,8,0.161,0,ottawashooting,524955102554361856
1,1,2,2,0.0,0,ottawashooting,524949003834634240
2,5,7,4,0.1998,0,ottawashooting,525070912199335937
1,7,8,3,-0.054,0,ottawashooting,524960580944560128
4,7,12,7,0.4898,0,ottawashooting,524955251464736768
10,14,29,18,0.653,0,ottawashooting,524961589406216192
1,2,3,3,-0.6375,0,ottawashooting,524933534692442112
13,7,47,22,0.6032,0,ottawashooting,524958498770395137
3,15,18,17,0.2034,0,ottawashooting,524940623594287104
4,7,14,5,0.4529,0,ottawashooting,525015193425031168
10,19,61,23,0.4756,0,ottawashooting,525050193360613376
17,10,43,24,0.2902,0,ottawashooting,524953569762766848
1,4,5,5,0.0126,0,ottawashooting,524959715957424128
2,8,12,4,0.3665,0,ottawashooting,524976313766273025
1,1,2,2,0.0,0,ottawashooting,524979184297590784
5,2,8,6,-0.2322,0,ottawashooting,524946461621235712
3,6,10,10,0.1114,0,ottawashooting,524955243185176576
4,4,8,3,-0.2183,0,ottawashooting,524978912145985536
1,9,10,6,0.2881,0,ottawashooting,525016983646244865
2,5,7,5,0.3288,0,ottawashooting,525070461936222208
3,14,19,19,-0.0304,0,ottawashooting,524986649315667968
4,17,28,10,-0.0192,0,ottawashooting,525044725926330368
1,3,4,3,0.1644,0,ottawashooting,524956007324082177
1,13,14,11,0.3956,0,ottawashooting,525069912679923712
3,13,16,9,0.4233,0,ottawashooting,524922499466022913
1,7,8,7,-0.0744,0,ottawashooting,524954661703680000
1,4,5,3,0.0462,0,ottawashooting,525063740769972224
1,8,9,5,0.1705,0,ottawashooting,524995166953033729
2,16,20,19,0.4203,0,ottawashooting,524941272549969920
16,7,69,28,0.5394,0,ottawashooting,524934142958788608
1,10,11,7,0.0505,0,ottawashooting,524960277348233216
1,6,7,5,0.0058,0,ottawashooting,524956168754843648
1,1,2,2,0.0,0,ottawashooting,524963649455407105
1,4,5,2,-0.1561,0,ottawashooting,525069509342683137
3,7,10,5,0.1758,0,ottawashooting,524956731638841344
3,9,12,11,0.1986,0,ottawashooting,524958992330522624
5,9,25,15,0.6236,0,ottawashooting,525041601890881536
3,13,23,6,0.2874,0,ottawashooting,525036180379676673
1,8,9,1,0.1926,0,ottawashooting,525009541671702528
1,4,5,2,0.1675,0,ottawashooting,525030165190303744
2,16,18,3,0.3537,0,ottawashooting,524929559909916672
4,13,39,24,0.5838,0,ottawashooting,524957978806743040
2,13,18,8,0.2539,0,ottawashooting,524966946467749888
3,13,17,17,0.2563,0,ottawashooting,524979070288019456
6,4,11,3,0.3291,0,ottawashooting,524959090125320193
6,12,31,23,0.6784,0,ottawashooting,524928223499784192
2,1,3,2,-0.874,0,ottawashooting,524967631171117056
1,6,7,6,0.2305,0,ottawashooting,524946753154727936
3,15,20,19,0.4762,0,ottawashooting,524948520605069312
3,15,25,10,0.4182,0,ottawashooting,525046232209956865
1,6,7,5,0.0628,0,ottawashooting,525032458417610752
2,15,20,10,0.5711,0,ottawashooting,524948710812581888
6,7,13,13,0.0324,0,ottawashooting,524965242213007360
1,17,18,15,0.1348,0,ottawashooting,524927809773649922
1,5,6,6,0.2194,0,ottawashooting,524951696376487936
0,0,1,1,0.0,0,ottawashooting,524985689905967105
1,6,7,3,0.2613,0,ottawashooting,524981427260366848
1,7,8,5,0.3559,0,ottawashooting,524978422188376064
4,14,19,14,0.49,0,ottawashooting,524944146025312256
8,8,21,10,0.5773,0,ottawashooting,524934090542182400
2,12,14,5,0.0352,0,ottawashooting,524958516822671360
1,3,4,4,0.111,0,ottawashooting,524946808271671297
2,15,19,18,0.1059,0,ottawashooting,524929014621032451
3,5,8,6,0.3174,0,ottawashooting,525053517531062272
2,19,21,17,0.2276,0,ottawashooting,524928960615186432
2,5,7,3,0.2952,0,ottawashooting,524954262657581057
1,4,5,2,-0.2254,0,ottawashooting,525033697045925888
9,8,18,18,-0.1093,0,ottawashooting,524947129354420225
3,10,14,5,0.2779,0,ottawashooting,525038296921960449
2,6,8,8,0.2426,0,ottawashooting,525018288330272768
1,6,7,7,-0.2831,0,ottawashooting,524940452383170560
6,3,9,5,-0.2233,0,ottawashooting,524958741259886592
4,12,23,17,0.4935,0,ottawashooting,525008469385302017
5,7,23,3,0.4183,0,ottawashooting,524979089787330560
1,19,20,19,0.0377,0,ottawashooting,525050632211021825
3,8,19,5,0.2805,0,ottawashooting,524944610985263104
4,2,6,6,0.1225,0,ottawashooting,524942802908876801
5,14,20,10,0.2997,0,ottawashooting,525066628359127041
1,1,2,1,0.0,0,ottawashooting,524971258996588544
1,1,2,2,0.0,0,ottawashooting,524956415589621760
1,19,20,20,0.2762,0,ottawashooting,525021050627973120
3,11,17,7,0.2376,0,ottawashooting,524945585539776512
2,9,11,10,-0.0068,0,ottawashooting,524935146806738944
4,6,10,10,0.1984,0,ottawashooting,524937560276344832
1,2,3,2,-0.939,0,ottawashooting,524956449836130304
3,16,23,22,0.5998,0,ottawashooting,525022821534429185
1,3,4,3,0.1338,0,ottawashooting,524981565462704129
1,8,9,7,0.1509,0,ottawashooting,524966596897685504
8,13,24,24,-0.0622,0,ottawashooting,524926528342487041
0,0,1,1,0.0,0,ottawashooting,524939362048290817
2,9,11,8,0.3992,0,ottawashooting,524940803601227777
1,9,10,5,0.1486,0,ottawashooting,524957925157384192
1,5,6,2,0.2117,0,ottawashooting,524991470416461824
6,15,27,20,0.5695,0,ottawashooting,524941119403335681
2,8,10,6,0.2045,0,ottawashooting,524998110268096513
6,20,34,20,0.5419,0,ottawashooting,525019265888702464
1,3,4,4,-0.2892,0,ottawashooting,524950117192044544
5,12,19,17,0.353,0,ottawashooting,524950679274942464
1,2,3,3,-0.0191,0,ottawashooting,524987263835721728
1,1,2,1,0.0,0,ottawashooting,524988027425554432
1,17,18,16,0.3624,0,ottawashooting,524939347699585025
1,5,6,5,0.3329,0,ottawashooting,524924954287296512
5,17,27,14,0.4735,0,ottawashooting,524998881676107776
1,3,4,2,0.114,0,ottawashooting,525015836226895875
3,4,8,2,-0.0004,0,ottawashooting,524992063553953792
2,8,10,8,0.414,0,ottawashooting,524937574281121793
4,11,17,5,0.0454,0,ottawashooting,524965701535412224
1,5,6,5,-0.0083,0,ottawashooting,524953767402553345
1,3,4,3,0.108,0,ottawashooting,525027958835408896
1,1,2,2,0.0,0,ottawashooting,524935023380545537
1,5,6,6,0.2126,0,ottawashooting,524989886483673088
9,17,36,24,0.4951,0,ottawashooting,524958238316298240
0,0,1,1,0.0,0,ottawashooting,524943976902971392
0,0,1,1,0.0,0,ottawashooting,524977767688200192
1,16,17,1,0.4623,0,ottawashooting,524974518960652290
1,8,9,2,0.1448,0,ottawashooting,524995375468249088
4,12,16,9,0.2825,0,ottawashooting,524968466559033345
6,11,30,1,0.6025,0,ottawashooting,525044166519451648
1,5,6,3,0.1237,0,ottawashooting,524994218964815873
0,0,1,1,0.0,0,ottawashooting,524964166936068097
2,13,16,12,0.2515,0,ottawashooting,524943658748219392
1,19,20,19,0.0252,0,ottawashooting,525005134624215041
2,9,11,2,0.0922,0,ottawashooting,524980775741956097
4,10,30,26,0.6188,0,ottawashooting,524955388190662657
1,6,7,3,-0.046,0,ottawashooting,524957974226550784
7,15,57,14,0.4593,0,ottawashooting,524947030616313856
5,3,9,3,0.265,0,ottawashooting,524945101542678529
1,9,10,5,0.1638,0,ottawashooting,524961055211286528
1,12,13,10,0.3854,0,ottawashooting,525020733622464512
2,19,25,15,0.4536,0,ottawashooting,524973920722878464
8,8,17,12,0.3221,0,ottawashooting,524949028728221698
5,10,22,10,0.0284,0,ottawashooting,524993009440403456
0,0,1,1,0.0,0,ottawashooting,524966328734863360
1,2,3,3,-0.2558,0,ottawashooting,524965077318107137
2,5,7,3,0.359,0,ottawashooting,524983828000276480
9,11,39,30,0.6886,0,ottawashooting,524975031059632128
1,1,2,2,0.0,0,ottawashooting,524942851944493056
1,7,8,7,0.3575,0,ottawashooting,524927789892653056
1,3,4,3,0.0523,0,ottawashooting,524955170200121344
1,4,5,3,-0.2859,0,ottawashooting,524951279760867328
3,2,5,5,-0.4519,0,ottawashooting,525061246702587904
4,15,21,13,0.5792,0,ottawashooting,525007810871164929
1,9,10,8,-0.0364,0,ottawashooting,524945225253675008
5,13,22,14,0.478,0,ottawashooting,524973444946202624
4,10,14,7,0.2054,0,ottawashooting,524957105296404480
1,7,8,6,0.2629,0,ottawashooting,524926698165633024
1,6,7,4,-0.0476,0,ottawashooting,524982954880413696
1,3,4,4,0.0899,0,ottawashooting,524931083797004288
0,0,1,1,0.0,0,ottawashooting,524974135030874114
3,18,33,27,0.6814,0,ottawashooting,525018717038854144
1,5,6,3,-0.114,0,ottawashooting,525026066944262144
7,6,34,2,0.5244,0,ottawashooting,524962450786226176
1,3,4,2,-0.1569,0,ottawashooting,524952005157347328
3,2,5,1,-0.4651,0,ottawashooting,524934648473079808
12,6,27,6,0.3579,0,ottawashooting,524988783213547520
1,18,19,19,0.231,0,ottawashooting,524952322703900672
2,9,11,6,0.1056,0,ottawashooting,524944537618485248
1,7,8,2,0.0005,0,ottawashooting,524944978288852992
4,12,19,19,0.1854,0,ottawashooting,525049044201377793
2,3,6,4,0.0139,0,ottawashooting,524969431534153728
2,15,18,17,0.2039,0,ottawashooting,524945814796644352
1,3,4,3,-0.0191,0,ottawashooting,524958173245870080
3,16,21,12,0.2951,0,ottawashooting,525052976562712576
1,9,10,2,0.1504,0,ottawashooting,525000220371734528
2,5,7,6,0.1569,0,ottawashooting,524952808110694400
1,7,8,7,0.1349,0,ottawashooting,524983599851130880
1,3,4,3,-0.1093,0,ottawashooting,524928863714168832
1,1,2,2,0.0,0,ottawashooting,524974566830247936
1,3,4,1,-0.1654,0,ottawashooting,524965047647617024
14,13,104,16,0.4937,0,ottawashooting,524947716393414656
3,3,6,3,0.2657,0,ottawashooting,524961561677680640
3,15,19,19,0.2638,0,ottawashooting,524999079127162880
2,14,16,9,0.5179,0,ottawashooting,524949435886096385
4,6,16,14,0.4758,0,ottawashooting,524979925343014912
1,15,16,6,0.0995,0,ottawashooting,524964457936863232
3,2,5,2,0.1074,0,ottawashooting,524977992683237376
3,11,20,15,0.1464,0,ottawashooting,525031610136014848
18,19,88,19,0.7258,0,ottawashooting,524984209505812480
1,8,9,8,0.4209,0,ottawashooting,524948790227517440
2,11,13,3,-0.0563,0,ottawashooting,525012738280792065
1,7,8,3,0.3101,0,ottawashooting,525005137405018112
1,9,10,10,-0.0007,0,ottawashooting,524990519777443840
1,2,3,2,-0.3509,0,ottawashooting,524954313337364480
3,9,15,9,0.3845,0,ottawashooting,525063393309630464
2,8,10,8,0.0598,0,ottawashooting,525058578365698048
5,11,21,14,0.332,0,ottawashooting,525041399344168961
1,2,3,2,-0.0686,0,ottawashooting,524935731148775424
4,4,8,4,0.1527,0,ottawashooting,524947036228317184
1,1,2,2,0.0,0,ottawashooting,524957554829717504
1,5,6,6,0.104,0,ottawashooting,524936075870228480
1,3,4,2,0.0089,0,ottawashooting,524978196589334529
1,16,17,8,0.4326,0,ottawashooting,524991119164473344
3,17,21,21,0.033,0,ottawashooting,524950159160250368
4,13,19,18,0.5828,0,ottawashooting,525065123917221888
5,2,7,6,0.3519,0,ottawashooting,524949939755810817
1,1,2,1,0.0,0,ottawashooting,524997030536830976
1,4,5,4,-0.0604,0,ottawashooting,524956648151191553
1,9,10,8,0.3128,0,ottawashooting,524959390332239872
2,7,9,7,0.0042,0,ottawashooting,524968293577158656
5,15,27,23,0.2463,0,ottawashooting,524957872296583168
8,11,30,4,0.1623,0,ottawashooting,525040252948189186
1,1,2,2,0.0,0,ottawashooting,525037540508594176
2,17,21,21,0.0539,0,ottawashooting,525060022569422849
3,16,19,14,0.0597,0,ottawashooting,524961016904294400
3,17,23,22,0.2471,0,ottawashooting,524950339074523137
4,11,25,18,0.6231,0,ottawashooting,524977812852461568
4,13,19,10,0.285,0,ottawashooting,524983395026497536
1,4,5,1,-0.3864,0,ottawashooting,524940940721418240
1,5,6,5,-0.258,0,ottawashooting,524936456742379520
1,7,8,8,0.0657,0,ottawashooting,524981463033581568
1,3,4,2,-0.1011,0,ottawashooting,524969415318982657
0,0,1,1,0.0,0,ottawashooting,524971386838978560
1,3,4,1,-0.1641,0,ottawashooting,525070811439579138
1,18,19,19,0.3036,0,ottawashooting,524943804051496961
1,7,8,3,0.3284,0,ottawashooting,525048410831736832
1,5,6,6,0.0179,0,ottawashooting,525030331775463424
2,8,10,6,0.3996,0,ottawashooting,524978999534317568
4,15,22,20,0.4733,0,ottawashooting,525059810312847360
1,1,2,2,0.0,0,ottawashooting,524961513006964736
1,6,7,5,0.139,0,ottawashooting,524951948337098752
6,16,29,13,0.4906,0,ottawashooting,525019992337551360
2,17,22,14,0.4618,0,ottawashooting,524995776578330624
5,5,12,5,0.1145,0,ottawashooting,524968185016360960
1,9,10,5,0.035,0,ottawashooting,525034332474601472
1,11,12,4,0.0631,0,ottawashooting,525031823504850944
2,19,21,3,0.1398,0,ottawashooting,524938288277118976
1,3,4,4,-0.4646,0,ottawashooting,524936931059056640
2,10,12,6,0.4541,0,ottawashooting,524925600318754816
2,2,4,3,-0.0084,0,ottawashooting,524967510563889152
2,3,5,2,-0.1972,0,ottawashooting,524947071770435585
3,4,15,11,0.3763,0,ottawashooting,524933600433938432
3,6,9,7,0.3818,0,ottawashooting,524950395110842369
0,0,1,1,0.0,0,ottawashooting,524938146119966720
11,10,79,49,0.5525,0,ottawashooting,524930851747164160
1,10,11,10,0.4895,0,ottawashooting,524963002768842752
1,5,6,3,-0.0156,0,ottawashooting,525026031833718785
1,10,11,10,0.3882,0,ottawashooting,524948618776944640
8,5,20,1,0.3482,0,ottawashooting,524965026256662528
2,10,14,13,0.2985,0,ottawashooting,524964129745174528
1,3,4,3,0.1535,0,ottawashooting,524954105471840256
6,5,11,5,0.2235,0,ottawashooting,524941318389501953
7,17,66,32,0.5096,0,ottawashooting,524985092343889920
1,1,2,2,0.0,0,ottawashooting,524967811081195520
1,4,5,2,-0.145,0,ottawashooting,525016728091500545
1,3,4,3,-0.1737,0,ottawashooting,524971165056782337
3,16,19,18,0.423,0,ottawashooting,524932635177795585
1,1,2,2,0.0,0,ottawashooting,524930594950479873
1,18,19,19,-0.0498,0,ottawashooting,524958384060366849
7,12,40,23,0.6897,0,ottawashooting,525019469983531008
1,11,12,11,0.2373,0,ottawashooting,524934419270742017
1,13,14,12,0.4281,0,ottawashooting,524979179235069952
2,9,11,11,0.0264,0,ottawashooting,524979702940045313
5,9,18,10,0.5903,0,ottawashooting,524939142485262337
5,14,19,13,0.1923,0,ottawashooting,525012689568161792
3,16,23,23,0.0729,0,ottawashooting,524993612279336960
10,10,27,16,0.5818,0,ottawashooting,524986210402705408
3,6,9,5,0.421,0,ottawashooting,524966565788520448
2,6,8,5,-0.1174,0,ottawashooting,524951439417044992
2,10,12,8,0.1128,0,ottawashooting,525035832336736257
1,1,2,1,0.0,0,ottawashooting,524970444156571648
9,12,48,1,0.6414,0,ottawashooting,525025114111635456
2,8,10,7,0.2173,1,sydneysiege,544403913076924417
4,9,13,5,-0.0195,1,sydneysiege,544374395540881408
2,12,14,12,0.4196,1,sydneysiege,544285194815942657
5,15,21,21,-0.1539,1,sydneysiege,544302448522035202
2,7,11,5,0.3646,1,sydneysiege,544298376851111936
10,12,36,9,0.2914,1,sydneysiege,544281235271745537
15,12,33,20,0.3884,1,sydneysiege,544309275141885952
1,3,4,3,-0.1723,1,sydneysiege,544372465078505472
9,13,27,11,0.4687,1,sydneysiege,544315472075042818
1,12,13,10,0.4124,1,sydneysiege,544387967037763584
4,14,23,16,0.5792,1,sydneysiege,544391176137089024
4,11,21,21,0.048,1,sydneysiege,544301900682629121
4,5,13,11,0.4504,1,sydneysiege,544510345289924608
2,5,7,7,0.0098,1,sydneysiege,544280873806610433
0,0,1,1,0.0,1,sydneysiege,544367010894086145
1,5,6,5,0.1846,1,sydneysiege,544512664769396736
1,6,7,4,0.3162,1,sydneysiege,544282127404388353
2,19,22,20,0.5177,1,sydneysiege,544324444773433348
4,16,27,22,0.454,1,sydneysiege,544514474963922944
2,18,22,19,0.5688,1,sydneysiege,544515097625108480
1,14,15,8,0.3998,1,sydneysiege,544512514651066368
4,13,19,15,0.5971,1,sydneysiege,544336537870434304
1,16,17,12,0.3933,1,sydneysiege,544382249178001408
1,9,10,8,0.3452,1,sydneysiege,544292910578278400
5,15,22,20,-0.0009,1,sydneysiege,544511130249744384
2,6,8,5,-0.0276,1,sydneysiege,544328324601114625
6,13,26,16,0.1597,1,sydneysiege,544267656597995521
1,1,2,2,0.0,1,sydneysiege,544351969658564608
2,14,16,12,0.1963,1,sydneysiege,544333172180537344
1,8,9,6,0.2669,1,sydneysiege,544280217104031744
10,8,42,16,0.5349,1,sydneysiege,544274934835707905
4,14,21,16,0.5441,1,sydneysiege,544274879055675392
1,7,8,7,0.2163,1,sydneysiege,544516381031792642
6,13,27,21,0.5637,1,sydneysiege,544273459199893505
1,14,15,9,0.4475,1,sydneysiege,544379366474403840
4,3,8,8,0.1499,1,sydneysiege,544352874969698305
1,19,20,15,0.5322,1,sydneysiege,544511434840113152
0,0,1,1,0.0,1,sydneysiege,544471469527691264
3,12,16,5,0.3068,1,sydneysiege,544366824997912576
4,14,19,13,0.4915,1,sydneysiege,544462912644214785
1,7,8,3,0.0894,1,sydneysiege,544296158206894081
4,8,15,5,0.3592,1,sydneysiege,544288773023203328
2,20,22,19,0.1277,1,sydneysiege,544282227035869184
2,17,24,20,0.6189,1,sydneysiege,544297696308518912
1,7,8,7,0.167,1,sydneysiege,544378769952505856
0,0,1,1,0.0,1,sydneysiege,544517991086710784
5,6,11,11,-0.2017,1,sydneysiege,544279262547935232
1,3,4,2,0.0499,1,sydneysiege,544511773223968768
3,6,11,9,-0.0478,1,sydneysiege,544272701108797440
2,6,8,8,0.1616,1,sydneysiege,544356724871036928
1,2,3,3,-0.4719,1,sydneysiege,544353303468199936
9,11,38,28,0.7015,1,sydneysiege,544315864397258752
2,12,16,14,0.4733,1,sydneysiege,544286686142685184
19,3,49,1,0.5223,1,sydneysiege,544288661253398528
5,13,24,5,0.5122,1,sydneysiege,544333764814323713
18,5,55,17,0.206,1,sydneysiege,544287922166726657
3,8,11,6,0.4435,1,sydneysiege,544341406094213121
9,13,46,24,0.3489,1,sydneysiege,544321103875694593
1,2,3,3,-0.3175,1,sydneysiege,544355924224532481
1,4,5,4,0.2031,1,sydneysiege,544511560249790464
6,13,25,14,0.4387,1,sydneysiege,544366036498542592
1,5,6,3,0.2384,1,sydneysiege,544353793270243328
19,14,39,15,0.3745,1,sydneysiege,544282877278814208
14,13,34,8,0.5739,1,sydneysiege,544379738240720896
1,9,10,8,0.2853,1,sydneysiege,544293694166536192
1,15,16,14,0.4295,1,sydneysiege,544514569339953154
2,13,19,14,0.2574,1,sydneysiege,544338731210399744
1,2,3,2,-0.0768,1,sydneysiege,544356579098001408
0,0,1,1,0.0,1,sydneysiege,544280739290677249
2,14,16,15,0.507,1,sydneysiege,544302827330224128
3,7,11,4,0.4118,1,sydneysiege,544271815044894720
1,13,14,11,0.5454,1,sydneysiege,544425928290750464
1,5,6,5,0.2445,1,sydneysiege,544371668131393537
0,0,1,1,0.0,1,sydneysiege,544353552177455104
4,6,14,10,0.4619,1,sydneysiege,544407139205132288
3,13,18,10,0.5504,1,sydneysiege,544294402366394369
0,0,1,1,0.0,1,sydneysiege,544382740750024704
6,12,23,19,0.5342,1,sydneysiege,544286172109758464
7,10,35,20,0.2852,1,sydneysiege,544271743331078144
2,16,19,16,0.5056,1,sydneysiege,544278985249550337
9,13,32,16,0.4566,1,sydneysiege,544399927045283840
1,4,5,3,-0.2295,1,sydneysiege,544301235596054528
8,12,34,31,0.2803,1,sydneysiege,544277728930062336
2,17,19,13,0.5319,1,sydneysiege,544277817987330049
7,11,37,22,0.4756,1,sydneysiege,544287203728556032
4,11,30,19,0.2505,1,sydneysiege,544385641975676929
1,10,11,8,0.434,1,sydneysiege,544510219401703425
3,7,12,10,0.4102,1,sydneysiege,544274364288364544
3,19,29,27,0.5289,1,sydneysiege,544512691948498944
2,23,27,19,-0.007,1,sydneysiege,544381485591982083
1,13,14,14,-0.0056,1,sydneysiege,544319274072817664
3,15,19,18,0.586,1,sydneysiege,544520273718812672
2,9,12,6,0.3238,1,sydneysiege,544353502689251329
4,12,18,18,-0.2561,1,sydneysiege,544301624814870530
2,18,21,20,0.5876,1,sydneysiege,544367253857525761
2,13,17,9,0.2455,1,sydneysiege,544369667096477696
1,2,3,3,-0.467,1,sydneysiege,544513524438155264
2,16,19,14,0.2598,1,sydneysiege,544356997718900736
10,17,32,19,0.4608,1,sydneysiege,544334477011349505
1,2,3,2,-0.1787,1,sydneysiege,544373504419069952
2,9,11,3,0.1563,1,sydneysiege,544273563872538624
2,11,13,13,-0.2285,1,sydneysiege,544367462012432384
4,14,20,17,0.495,1,sydneysiege,544315187608973312
0,0,1,1,0.0,1,sydneysiege,544424408027115520
1,6,7,7,0.0422,1,sydneysiege,544516427827249153
2,11,14,12,0.1325,1,sydneysiege,544492454016475137
1,4,5,2,0.0557,1,sydneysiege,544289941996326912
4,16,24,24,0.4478,1,sydneysiege,544301453717041152
15,13,39,13,0.3805,1,sydneysiege,544326741674967042
2,12,14,12,0.3605,1,sydneysiege,544519635916169218
4,15,21,20,0.5407,1,sydneysiege,544320939245043712
3,16,20,16,0.3199,1,sydneysiege,544340091615715329
5,11,20,15,0.1288,1,sydneysiege,544380742076088320
1,17,18,17,0.4214,1,sydneysiege,544510453201006592
2,7,11,4,0.0756,1,sydneysiege,544287209730236416
3,15,23,18,0.5079,1,sydneysiege,544343410849886209
6,13,23,19,0.5629,1,sydneysiege,544272537341812736
2,16,19,18,0.312,1,sydneysiege,544411097797644288
2,4,6,6,-0.5229,1,sydneysiege,544512187171995649
2,3,5,3,-0.5315,1,sydneysiege,544302938374426624
1,3,4,4,-0.2015,1,sydneysiege,544274585697280000
15,9,46,11,0.6789,1,sydneysiege,544385829180035072
0,0,1,1,0.0,1,sydneysiege,544520654431981568
1,10,11,4,0.0407,1,sydneysiege,544374511194632192
6,7,31,24,0.5197,1,sydneysiege,544274544174071809
1,6,7,4,0.2063,1,sydneysiege,544332510440595456
3,10,17,12,0.2407,1,sydneysiege,544306719686656000
1,16,17,12,0.3385,1,sydneysiege,544377700677615616
1,3,4,1,0.0511,1,sydneysiege,544409432600223744
2,16,20,15,0.1848,1,sydneysiege,544281689233850370
2,16,21,21,0.2663,1,sydneysiege,544314234541469696
3,7,10,9,0.0412,1,sydneysiege,544296985910861824
2,8,10,5,0.2568,1,sydneysiege,544424775939293184
9,6,20,10,0.4881,1,sydneysiege,544268186292867072
3,10,13,9,0.2898,1,sydneysiege,544503037973528577
3,5,10,5,0.2182,1,sydneysiege,544384349395628033
4,13,18,11,0.3024,1,sydneysiege,544313370892324864
1,4,5,5,-0.0383,1,sydneysiege,544516514519343104
5,13,25,20,0.6401,1,sydneysiege,544275138712469504
1,3,4,2,-0.1526,1,sydneysiege,544283745939767296
4,14,21,19,0.1296,1,sydneysiege,544359422726664192
1,5,6,6,0.2257,1,sydneysiege,544350565283532800
3,15,20,20,0.1242,1,sydneysiege,544354657385316352
2,7,10,9,-0.1318,1,sydneysiege,544377046030635008
2,5,7,5,0.2837,1,sydneysiege,544378468931076097
2,12,16,13,0.495,1,sydneysiege,544284859628523521
2,10,12,10,0.4168,1,sydneysiege,544289409294553088
19,3,39,1,0.5306,1,sydneysiege,544341194822520832
2,17,23,15,0.2317,1,sydneysiege,544273427075710976
1,20,21,16,0.1947,1,sydneysiege,544301786849640448
1,8,9,9,0.0616,1,sydneysiege,544516101556961280
1,19,20,20,-0.0701,1,sydneysiege,544511915158810624
2,3,5,4,-0.0906,1,sydneysiege,544296007589433344
1,10,11,7,0.0724,1,sydneysiege,544380899639689216
1,2,3,2,-0.7741,1,sydneysiege,544316384273248256
1,8,9,8,0.3526,1,sydneysiege,544293783702364162
7,10,23,19,0.6046,1,sydneysiege,544297827258888192
5,13,27,18,0.5992,1,sydneysiege,544297950134816768
6,18,27,25,0.5448,1,sydneysiege,544491160803106816
3,16,22,21,0.5793,1,sydneysiege,544301455952588801
3,16,19,11,0.4099,1,sydneysiege,544288135564107776
6,11,17,4,0.2038,1,sydneysiege,544374018661687296
3,11,15,9,0.4991,1,sydneysiege,544291829290508289
8,4,17,13,0.2179,1,sydneysiege,544508479675711489
9,7,19,6,0.4479,1,sydneysiege,544504183341064192
1,7,8,7,0.4,1,sydneysiege,544372257674788864
4,14,22,22,-0.0432,1,sydneysiege,544282355989753857
5,15,22,21,0.4729,1,sydneysiege,544509140911919104
2,7,9,6,0.0464,1,sydneysiege,544292146342531072
1,8,9,5,0.1168,1,sydneysiege,544511199702822913
1,1,2,2,0.0,1,sydneysiege,544511489869373440
6,12,22,22,0.0789,1,sydneysiege,544356122082410496
5,11,25,13,0.5932,1,sydneysiege,544300178443100160
2,9,12,10,0.1433,1,sydneysiege,544509086998749186
4,15,24,21,0.4777,1,sydneysiege,544492984880754688
5,15,21,15,0.5213,1,sydneysiege,544280765111218176
3,16,20,20,0.0325,1,sydneysiege,544277336422486016
1,6,7,4,0.2756,1,sydneysiege,544355197435142145
4,14,23,16,0.6264,1,sydneysiege,544278913883447298
1,5,6,3,-0.1052,1,sydneysiege,544388658334146561
1,2,3,3,-0.3928,1,sydneysiege,544287991959539713
9,17,30,17,0.5069,1,sydneysiege,544383022876065792
1,8,9,7,0.0109,1,sydneysiege,544285819108741120
0,0,1,1,0.0,1,sydneysiege,544411585070911488
1,9,10,9,0.3619,1,sydneysiege,544272561266503681
2,17,20,19,0.553,1,sydneysiege,544285508441231361
6,14,32,12,0.4494,1,sydneysiege,544290752533393408
9,4,15,12,0.3884,1,sydneysiege,544277860555710464
8,6,19,7,0.4134,1,sydneysiege,544514645571420160
6,11,23,20,0.4817,1,sydneysiege,544388013141143552
4,7,12,9,0.3631,1,sydneysiege,544284823041212416
1,11,12,11,0.3682,1,sydneysiege,544508900595499009
1,13,14,12,0.4399,1,sydneysiege,544391085150457856
1,18,19,18,-0.0324,1,sydneysiege,544517264054423552
7,12,38,13,0.493,1,sydneysiege,544273256174198785
2,8,10,4,0.4359,1,sydneysiege,544280707800264704
1,7,8,6,0.3773,1,sydneysiege,544281591833317377
1,16,17,10,0.2932,1,sydneysiege,544307547390607361
8,9,27,18,0.4597,1,sydneysiege,544269997745242112
2,15,17,16,0.4613,1,sydneysiege,544518335019229184
3,10,19,10,0.4408,1,sydneysiege,544279945128591360
1,6,7,6,0.3405,1,sydneysiege,544355218251452416
3,14,21,10,0.5663,1,sydneysiege,544409517224898560
3,13,20,19,0.084,1,sydneysiege,544329204314406912
2,10,13,13,0.1946,1,sydneysiege,544514883484520448
1,14,15,12,0.2662,1,sydneysiege,544284577318318080
2,15,17,11,0.3032,1,sydneysiege,544316814856306688
2,13,15,12,0.494,1,sydneysiege,544321934410788865
5,9,22,9,0.6109,1,sydneysiege,544271815007145984
2,17,20,14,0.2335,1,sydneysiege,544283772569788416
15,14,103,33,0.6118,1,sydneysiege,544329935943237632
2,11,15,11,0.4034,1,sydneysiege,544409519380758528
1,4,5,1,-0.5214,1,sydneysiege,544396260740845568
12,16,29,19,0.3406,1,sydneysiege,544282449388519424
1,5,6,6,-0.2468,1,sydneysiege,544370712639590400
7,11,26,16,0.4909,1,sydneysiege,544351885298130945
4,5,9,6,0.1396,1,sydneysiege,544351486956670976
1,2,3,3,-0.0582,1,sydneysiege,544275597464444929
1,3,4,4,0.0443,1,sydneysiege,544351356824604673
1,5,6,4,0.0847,1,sydneysiege,544287499397242880
1,2,3,3,-0.4267,1,sydneysiege,544513339544838147
5,16,26,21,0.5316,1,sydneysiege,544390130682068993
2,19,22,14,0.539,1,sydneysiege,544301296099270656
4,5,10,7,0.0284,1,sydneysiege,544400853298184194
6,12,18,16,0.5415,1,sydneysiege,544513292576641025
1,11,12,12,0.1969,1,sydneysiege,544510450101415936
1,3,4,3,-0.4892,1,sydneysiege,544305745416581120
1,12,13,9,0.2312,1,sydneysiege,544519245087121408
3,12,15,12,0.4152,1,sydneysiege,544512910538838016
8,5,23,12,0.2634,1,sydneysiege,544284455909998592
3,8,12,11,0.26,1,sydneysiege,544351133120987136
8,18,34,17,0.4585,1,sydneysiege,544342204576038912
1,7,8,7,-0.0248,1,sydneysiege,544332613532811264
0,0,1,1,0.0,1,sydneysiege,544338622078410752
3,5,9,6,0.2691,1,sydneysiege,544491151118860289
2,15,27,21,0.6479,1,sydneysiege,544285245600989184
1,5,6,6,-0.2624,1,sydneysiege,544514207933542401
2,18,21,10,0.4081,1,sydneysiege,544521141335764992
1,7,8,7,0.0273,1,sydneysiege,544517624114081793
2,1,3,3,-0.1783,1,sydneysiege,544516530160300032
2,9,13,11,0.4496,1,sydneysiege,544493466836017154
4,9,15,10,0.4287,1,sydneysiege,544401675789033473
1,4,5,5,-0.1092,1,sydneysiege,544508666724876288
1,19,20,14,-0.0633,1,sydneysiege,544511865729323009
11,7,34,20,0.5781,1,sydneysiege,544374871812472832
3,9,12,10,0.4826,1,sydneysiege,544277852968210432
3,16,24,20,0.4431,1,sydneysiege,544277113683980288
1,1,2,1,0.0,1,sydneysiege,544325779199258626
1,2,3,2,-0.5688,1,sydneysiege,544289311504355328
3,13,16,16,0.1287,1,sydneysiege,544291619084959744
1,4,5,4,-0.2022,1,sydneysiege,544391533240516608
3,14,19,11,0.3293,1,sydneysiege,544298346345947136
1,3,4,2,-0.2415,1,sydneysiege,544511112654618624
1,6,7,4,0.1787,1,sydneysiege,544376300417585152
1,2,3,2,-0.0363,1,sydneysiege,544358564484378624
9,13,28,16,0.5514,1,sydneysiege,544380433014591488
5,16,31,21,0.5494,1,sydneysiege,544277117039837184
1,17,18,18,0.1634,1,sydneysiege,544318880001560576
1,2,3,3,-0.176,1,sydneysiege,544329393737170944
1,7,8,6,0.1644,1,sydneysiege,544396563116589056
1,18,19,10,0.4066,1,sydneysiege,544286537299787777
1,3,4,1,-0.362,1,sydneysiege,544366934154678272
4,7,11,9,0.4448,1,sydneysiege,544293753130082305
9,5,15,15,0.1085,1,sydneysiege,544292129972170752
4,16,20,11,0.0115,1,sydneysiege,544515538383564801
5,10,15,6,0.3407,1,sydneysiege,544282005941530624
3,15,20,10,0.4121,1,sydneysiege,544392718601183232
2,6,8,7,0.2964,1,sydneysiege,544309006500888576
2,12,14,13,0.5417,1,sydneysiege,544514538797035520
4,15,19,19,0.0426,1,sydneysiege,544302821450207233
2,18,20,15,0.1575,1,sydneysiege,544268637134393344
3,7,13,12,-0.1669,1,sydneysiege,544318036715782144
2,4,6,6,0.0791,1,sydneysiege,544513072006967297
0,0,1,1,0.0,1,sydneysiege,544391063742332928
1,10,11,5,0.4331,1,sydneysiege,544291804057960448
3,11,18,14,0.2594,1,sydneysiege,544333020023754752
6,6,13,9,-0.1109,1,sydneysiege,544364000897945600
1,5,6,5,0.2862,1,sydneysiege,544511783940403201
11,13,35,15,0.313,1,sydneysiege,544334554631536640
1,1,2,2,0.0,1,sydneysiege,544316500002484226
2,5,7,6,0.2872,1,sydneysiege,544372545219489792
1,11,12,6,0.0447,1,sydneysiege,544383230091464704
0,0,1,1,0.0,1,sydneysiege,544296672608534528
2,19,21,20,0.3125,1,sydneysiege,544521166543548416
2,15,19,12,0.202,1,sydneysiege,544428421745741824
4,11,17,14,0.4086,1,sydneysiege,544373839548145664
3,7,10,4,0.129,1,sydneysiege,544381144620216320
2,6,14,5,0.0227,1,sydneysiege,544280923923959808
4,13,20,20,-0.1241,1,sydneysiege,544362279006113792
4,13,18,17,0.4948,1,sydneysiege,544304298243653632
2,17,20,15,0.3961,1,sydneysiege,544308531684335617
3,5,10,10,-0.0428,1,sydneysiege,544374313848430592
5,15,27,22,0.5717,1,sydneysiege,544355845489065984
1,10,11,8,0.4248,1,sydneysiege,544287815790755840
3,11,14,13,0.1446,1,sydneysiege,544317438079139841
5,12,20,16,0.2933,1,sydneysiege,544317165965303808
1,5,6,5,0.1332,1,sydneysiege,544288799711592448
2,4,6,5,-0.0189,1,sydneysiege,544296096244441089
2,5,7,5,0.2551,1,sydneysiege,544451181754744832
2,17,19,5,0.3009,1,sydneysiege,544358533819420672
5,16,22,21,0.5262,1,sydneysiege,544279103864860674
11,8,35,7,0.5909,1,sydneysiege,544518590104621058
2,12,14,11,0.2071,1,sydneysiege,544290646010261504
3,9,16,16,-0.0496,1,sydneysiege,544289448150986752
5,15,24,21,-0.0187,1,sydneysiege,544269221564137472
3,8,13,11,0.4651,1,sydneysiege,544277650714677249
1,11,12,9,0.2673,1,sydneysiege,544391789789331456
3,16,22,5,-0.1144,1,sydneysiege,544443739800731648
2,14,16,15,0.1943,1,sydneysiege,544516079129993216
1,4,5,3,0.1381,1,sydneysiege,544402785966772224
3,15,24,20,0.4788,1,sydneysiege,544360928603799552
3,17,20,18,0.6037,1,sydneysiege,544383383095508992
3,16,21,11,0.2201,1,sydneysiege,544317709396496384
5,8,20,11,0.3538,1,sydneysiege,544410576894427136
3,6,9,6,0.1173,1,sydneysiege,544268732046913536
4,11,19,11,0.292,1,sydneysiege,544287165912735744
2,8,10,6,-0.0269,1,sydneysiege,544296671950020609
6,21,31,25,0.6536,1,sydneysiege,544346359948910592
1,6,7,6,0.0201,1,sydneysiege,544515999161393152
6,6,20,13,0.0209,1,sydneysiege,544294692456628224
1,3,4,4,-0.1729,1,sydneysiege,544515850963648512
1,19,20,14,0.2466,1,sydneysiege,544339368823894019
0,0,1,1,0.0,1,sydneysiege,544519140552507392
4,11,16,4,-0.0006,1,sydneysiege,544280399044960256
8,7,55,12,0.3899,1,sydneysiege,544304742743044096
4,13,22,15,0.2468,1,sydneysiege,544323933634564098
4,14,21,20,0.5919,1,sydneysiege,544320179560525824
1,13,14,14,0.0045,1,sydneysiege,544508411178536960
3,5,8,4,0.2949,1,sydneysiege,544372222400671744
5,17,31,11,0.1568,1,sydneysiege,544283387087691776
8,7,32,17,0.5588,1,sydneysiege,544285296565948416
2,17,20,20,0.1641,1,sydneysiege,544338575240609792
5,8,17,9,0.4159,1,sydneysiege,544395712130449408
0,0,1,1,0.0,1,sydneysiege,544509519179816960
15,21,112,33,0.5046,1,sydneysiege,544445364322197504
3,12,19,18,0.5988,1,sydneysiege,544373593841623040
1,5,6,4,0.0089,1,sydneysiege,544320992361721856
1,18,19,19,0.205,1,sydneysiege,544407157077467136
0,0,1,1,0.0,1,sydneysiege,544293291785596928
2,19,25,13,0.3848,1,sydneysiege,544385086955589632
1,4,5,5,-0.2971,1,sydneysiege,544514564407427072
1,1,2,1,0.0,1,sydneysiege,544385535909715968
4,12,28,26,0.5844,1,sydneysiege,544489340584222720
1,2,3,1,-0.1062,1,sydneysiege,544352188210745344
1,5,6,5,0.1895,1,sydneysiege,544518033902149632
1,6,7,4,-0.008,1,sydneysiege,544384498947719169
2,14,16,5,0.1594,1,sydneysiege,544379489263042561
1,7,8,4,0.0647,1,sydneysiege,544316904861478912
1,10,11,10,-0.065,1,sydneysiege,544290258951892992
4,15,20,9,0.4168,1,sydneysiege,544376732649013248
5,15,28,19,0.4821,1,sydneysiege,544372177965834240
1,3,4,3,-0.0302,1,sydneysiege,544512676643500033
7,16,26,8,0.2871,1,sydneysiege,544305673287524353
5,4,10,9,0.3972,1,sydneysiege,544351015936331777
1,6,7,7,0.3108,1,sydneysiege,544519594438696961
7,11,40,6,0.4977,1,sydneysiege,544389893120856064
6,10,19,19,0.3379,1,sydneysiege,544307040932601857
5,12,21,9,0.1716,1,sydneysiege,544274757689307136
5,9,20,17,-0.0135,1,sydneysiege,544294794139533313
2,10,15,11,0.4677,1,sydneysiege,544433739539812353
3,6,10,10,-0.0481,1,sydneysiege,544510402454110208
3,16,22,18,0.432,1,sydneysiege,544373676842311681
1,12,13,8,0.4275,1,sydneysiege,544350985142173697
2,17,19,15,0.3157,1,sydneysiege,544373515067998208
0,0,1,1,0.0,1,sydneysiege,544519622389956609
3,17,22,20,0.4733,1,sydneysiege,544518841020473345
1,6,7,6,0.2591,1,sydneysiege,544292670336925696
6,7,30,12,0.4222,1,sydneysiege,544384394337611776
1,4,5,3,0.149,1,sydneysiege,544271185903484929
19,4,51,5,0.0502,1,sydneysiege,544300674448887809
3,11,15,11,0.3488,1,sydneysiege,544374563539140608
13,11,40,16,0.443,1,sydneysiege,544366894107480064
1,4,5,3,-0.0462,1,sydneysiege,544511300630753280
3,15,18,4,0.2469,1,sydneysiege,544469470568148992
10,7,34,7,0.5524,1,sydneysiege,544462330105712640
12,8,31,9,0.1413,1,sydneysiege,544483282352889857
3,15,18,18,0.0653,1,sydneysiege,544300945820352512
3,6,11,5,0.1456,1,sydneysiege,544280397472088064
4,10,15,12,0.529,1,sydneysiege,544334939374641152
3,7,10,5,0.4283,1,sydneysiege,544280516821024769
4,7,11,6,0.3329,1,sydneysiege,544380980677857280
1,6,7,5,0.1105,1,sydneysiege,544511263788003329
0,0,1,1,0.0,1,sydneysiege,544326461952241664
3,15,21,14,0.3888,1,sydneysiege,544377463581581314
2,11,13,8,0.1104,1,sydneysiege,544401599414943744
5,15,21,8,0.0635,1,sydneysiege,544387886611570688
14,10,35,12,0.1054,1,sydneysiege,544520932405284864
2,8,10,8,-0.0636,1,sydneysiege,544514127197388801
3,6,9,2,0.1426,1,sydneysiege,544382892378714113
6,19,25,15,0.4482,1,sydneysiege,544317609718865920
0,0,1,1,0.0,1,sydneysiege,544351832483450880
2,12,18,18,0.2767,1,sydneysiege,544390903839088640
4,15,28,24,0.5708,1,sydneysiege,544319832486064128
5,9,18,17,0.4817,1,sydneysiege,544511151900753921
2,16,19,14,0.4846,1,sydneysiege,544299439087550464
1,3,4,4,0.1163,1,sydneysiege,544518647881170945
4,13,19,18,0.2356,1,sydneysiege,544300088747884544
1,2,3,2,-0.0166,1,sydneysiege,544304200423723008
4,11,18,10,0.5421,1,sydneysiege,544305463048015872
2,10,12,11,0.4467,1,sydneysiege,544287252306997249
5,5,12,11,0.2568,1,sydneysiege,544284957766463488
5,4,9,9,-0.242,1,sydneysiege,544511558173601792
2,4,6,6,-0.0757,1,sydneysiege,544508995361202176
2,14,16,12,-0.0491,1,sydneysiege,544269749405097984
3,17,21,21,-0.1182,1,sydneysiege,544276998017646593
1,3,4,2,0.1091,1,sydneysiege,544306402731507712
3,4,7,7,-0.2555,1,sydneysiege,544281014768795649
8,12,21,15,0.5715,1,sydneysiege,544277516773380097
1,8,9,7,-0.1828,1,sydneysiege,544491410439667713
1,2,3,3,-0.4943,1,sydneysiege,544520042810200064
1,17,18,8,0.4629,1,sydneysiege,544270745744846848
2,9,11,7,0.1846,1,sydneysiege,544357563534680064
2,16,19,19,0.0001,1,sydneysiege,544309060883845120
1,3,4,2,-0.0631,1,sydneysiege,544351967829839873
1,3,4,4,-0.2521,1,sydneysiege,544296772592336896
2,13,18,17,0.1819,1,sydneysiege,544272155144646656
4,15,25,20,0.6034,1,sydneysiege,544357487911395329
6,8,20,14,0.2068,1,sydneysiege,544512108885725184
7,14,27,22,0.574,1,sydneysiege,544307161589772290
3,12,16,16,-0.0411,1,sydneysiege,544514570367168512
3,22,25,11,-0.2234,1,sydneysiege,544350712365207552
2,9,15,14,-0.1115,1,sydneysiege,544490782183657474
1,8,9,4,0.0406,1,sydneysiege,544405871703240704
11,9,20,9,-0.0705,1,sydneysiege,544271362022338560
2,13,16,10,0.2818,1,sydneysiege,544290611856408576
2,9,12,12,0.2974,1,sydneysiege,544359578612559872
0,0,1,1,0.0,1,sydneysiege,544401468875616257
18,10,40,13,0.5624,1,sydneysiege,544273220128739329
2,8,10,8,0.2501,1,sydneysiege,544519788752818176
2,15,18,15,0.2656,1,sydneysiege,544313043463987201
0,0,1,1,0.0,1,sydneysiege,544487535418687488
2,5,7,1,-0.1924,1,sydneysiege,544443027570556928
5,15,21,19,0.4177,1,sydneysiege,544374422056882176
1,6,7,5,0.0795,1,sydneysiege,544513517706305536
3,14,22,21,0.1921,1,sydneysiege,544407300329709568
2,12,14,8,-0.0307,1,sydneysiege,544332254068350978
2,8,11,9,0.469,1,sydneysiege,544510827433558016
9,11,36,7,0.4054,1,sydneysiege,544384662765068288
2,2,4,3,0.1604,1,sydneysiege,544361776020586496
6,5,12,9,0.5046,1,sydneysiege,544519166582337536
2,6,12,8,0.2454,1,sydneysiege,544355417900716032
1,7,8,3,-0.1355,1,sydneysiege,544273885437652992
7,12,31,15,0.3678,1,sydneysiege,544400775775289344
5,9,19,11,0.3016,1,sydneysiege,544496262629036032
2,2,4,1,0.1472,1,sydneysiege,544307417677189121
2,16,18,15,0.483,1,sydneysiege,544381860214603776
2,12,15,15,0.0815,1,sydneysiege,544517440332627968
1,6,7,6,0.3653,1,sydneysiege,544309177859203073
1,2,3,3,-0.0657,1,sydneysiege,544350567183556608
10,10,48,37,0.569,1,sydneysiege,544307028815253504
3,18,23,19,0.4564,1,sydneysiege,544512398628241408
2,7,9,4,0.4289,1,sydneysiege,544312876245057536
4,13,29,20,0.2546,1,sydneysiege,544294893146091520
8,10,31,29,0.4616,1,sydneysiege,544277526248304640
2,3,5,3,0.0429,1,sydneysiege,544300361360498688
11,5,29,16,0.2959,1,sydneysiege,544285712653500419
2,16,20,19,-0.1377,1,sydneysiege,544278335455776769
6,11,37,13,0.5984,1,sydneysiege,544411313779126272
1,2,3,3,-0.1767,1,sydneysiege,544515584931528704
7,15,32,22,0.6454,1,sydneysiege,544476808566276097
3,9,21,17,0.5762,1,sydneysiege,544289880805605376
4,10,14,9,0.1007,1,sydneysiege,544279776765431809
8,14,25,9,0.4892,1,sydneysiege,544280077778055168
3,10,15,7,0.4868,1,sydneysiege,544281589749137408
5,11,17,14,0.5515,1,sydneysiege,544519694401941504
0,0,1,1,0.0,1,sydneysiege,544363757493702656
2,4,8,5,0.2715,1,sydneysiege,544361266718846977
4,15,24,22,0.0772,1,sydneysiege,544350480780914688
6,17,30,17,0.5721,1,sydneysiege,544326597055369216
3,17,26,25,0.1364,1,sydneysiege,544291965513134080
7,18,31,29,-0.0246,1,sydneysiege,544307776135364608
2,15,20,12,0.0577,1,sydneysiege,544408496918499329
2,6,9,7,0.1695,1,sydneysiege,544352727971954690
1,5,6,5,0.1975,1,sydneysiege,544478708741201920
7,11,18,18,-0.0681,1,sydneysiege,544273888725577729
2,8,10,9,0.4538,1,sydneysiege,544511693204647936
1,12,13,7,0.2211,1,sydneysiege,544284078330376192
1,4,5,2,-0.0992,1,sydneysiege,544287083343671296
1,2,3,2,0.0,1,sydneysiege,544354175900196864
2,17,24,23,0.5613,1,sydneysiege,544343367279456256
3,17,21,18,0.4063,1,sydneysiege,544446828654366720
1,4,5,2,0.1036,1,sydneysiege,544422678119981056
1,3,4,3,0.1207,1,sydneysiege,544302851158470657
4,12,16,11,0.1898,1,sydneysiege,544305540286148609
3,14,22,12,0.5546,1,sydneysiege,544378515378814977
2,19,22,16,0.2452,1,sydneysiege,544492209861836800
2,8,12,9,0.2537,1,sydneysiege,544290780991725568
2,8,10,9,0.4712,1,sydneysiege,544512064694546432
4,20,27,23,0.3599,1,sydneysiege,544492053900836864
2,16,18,6,0.3686,1,sydneysiege,544377502563459072
19,12,175,25,0.5553,1,sydneysiege,544430771688439808
4,14,20,12,0.1333,1,sydneysiege,544273050188148736
4,17,23,20,0.4272,1,sydneysiege,544511676088066048
3,7,11,4,0.3464,1,sydneysiege,544287796719288321
16,4,49,16,0.7262,1,sydneysiege,544384041391517697
16,14,92,18,0.4394,1,sydneysiege,544454229960974336
3,14,18,14,0.4675,1,sydneysiege,544316576645017600
7,14,28,23,0.5994,1,sydneysiege,544511811404705792
1,8,9,8,0.433,1,sydneysiege,544511736465072128
3,14,19,14,0.4575,1,sydneysiege,544272134764122112
2,6,8,7,0.344,1,sydneysiege,544515446100090881
15,8,55,2,0.4236,1,sydneysiege,544349042952916993
3,9,13,8,0.4274,1,sydneysiege,544271069146656768
6,12,37,18,0.5668,1,sydneysiege,544328894812549121
1,5,6,4,0.1864,1,sydneysiege,544390017930383360
3,10,17,9,0.4075,1,sydneysiege,544358920869789696
1,1,2,1,0.0,1,sydneysiege,544287425380360193
2,2,4,1,0.026,1,sydneysiege,544446282559799296
1,3,4,4,-0.2726,1,sydneysiege,544513557912879105
2,15,18,12,0.5704,1,sydneysiege,544373694068686848
1,18,19,19,-0.0054,1,sydneysiege,544517264725516288
4,7,12,8,0.4403,1,sydneysiege,544305913260433408
2,15,18,13,0.2883,1,sydneysiege,544288681021145090
2,15,18,13,0.2668,1,sydneysiege,544377870554898432
1,4,5,5,-0.2071,1,sydneysiege,544294639805923328
3,15,20,7,0.3431,1,sydneysiege,544310853613281281
5,10,22,18,0.2105,1,sydneysiege,544492843499540480
3,13,19,14,0.2796,1,sydneysiege,544353918315397121
1,5,6,6,0.0351,1,sydneysiege,544384255825289216
3,18,27,22,0.4653,1,sydneysiege,544388329094270976
0,0,1,1,0.0,1,sydneysiege,544353600273518592
1,8,9,8,-0.0982,1,sydneysiege,544271284796784640
2,9,11,2,0.1366,0,sydneysiege,544483913830531073
1,15,16,6,0.1449,0,sydneysiege,544453564718804992
3,14,20,9,-0.1038,0,sydneysiege,544375969687953410
2,9,11,5,0.3659,0,sydneysiege,544333302178799617
2,2,4,2,-0.1434,0,sydneysiege,544420432099545089
1,4,5,5,0.1961,0,sydneysiege,544492372088717312
2,19,21,21,0.3227,0,sydneysiege,544323450270392322
4,21,31,19,0.4357,0,sydneysiege,544384825332101120
2,15,17,15,0.4985,0,sydneysiege,544467005655748608
3,8,12,12,-0.3069,0,sydneysiege,544427753785659393
3,17,21,18,0.3631,0,sydneysiege,544497307933474816
0,0,1,1,0.0,0,sydneysiege,544415318345396224
1,3,4,2,-0.4622,0,sydneysiege,544483404528775168
9,12,26,14,0.1235,0,sydneysiege,544288968624578560
8,7,18,1,0.2777,0,sydneysiege,544395106426425345
14,9,38,14,0.2908,0,sydneysiege,544446667312091136
4,2,6,2,0.2058,0,sydneysiege,544506347438735361
10,12,49,25,0.5037,0,sydneysiege,544276027644850176
3,11,20,9,0.2685,0,sydneysiege,544494312206000128
1,18,19,19,-0.0336,0,sydneysiege,544306591235710976
8,16,47,15,0.7145,0,sydneysiege,544424261163569152
1,18,19,19,0.1701,0,sydneysiege,544449632131375104
10,14,81,25,0.7381,0,sydneysiege,544283714751328256
5,11,17,7,-0.1017,0,sydneysiege,544465934149513216
1,10,11,8,0.1207,0,sydneysiege,544356213837017089
1,7,8,5,0.2371,0,sydneysiege,544365130138808321
6,12,24,24,0.1842,0,sydneysiege,544393889113600000
3,19,28,18,0.5813,0,sydneysiege,544415105358643200
2,8,10,10,-0.3827,0,sydneysiege,544294274674593792
5,17,29,17,0.5952,0,sydneysiege,544394005182963712
3,15,21,20,0.281,0,sydneysiege,544434195469045761
2,6,9,7,0.3594,0,sydneysiege,544301313459101696
3,15,34,30,0.6798,0,sydneysiege,544310166242734080
7,19,47,42,0.7015,0,sydneysiege,544301149348982784
4,14,23,17,0.5046,0,sydneysiege,544447054034919424
1,11,12,10,0.3324,0,sydneysiege,544312732443348995
3,5,12,3,0.3644,0,sydneysiege,544299273664593920
3,13,18,12,0.0671,0,sydneysiege,544470708093747202
9,8,27,15,0.4081,0,sydneysiege,544405761925738496
1,1,2,1,0.0,0,sydneysiege,544372384690872321
6,15,22,6,0.464,0,sydneysiege,544446973667860480
1,4,5,5,0.1227,0,sydneysiege,544301589931241472
7,10,51,40,0.7136,0,sydneysiege,544275733607366656
4,18,28,26,0.6152,0,sydneysiege,544513035118075904
19,18,83,37,0.5241,0,sydneysiege,544518337498058753
0,0,1,1,0.0,0,sydneysiege,544401577113845760
0,0,1,1,0.0,0,sydneysiege,544428008258297856
2,11,13,11,0.2273,0,sydneysiege,544520802339917824
3,11,21,12,0.1178,0,sydneysiege,544423787949600768
5,18,40,14,0.7066,0,sydneysiege,544496062321664001
2,17,19,18,0.4221,0,sydneysiege,544483003758419969
8,10,27,25,0.3509,0,sydneysiege,544521948924248066
19,13,38,3,0.4021,0,sydneysiege,544389770009276416
3,16,24,24,0.0124,0,sydneysiege,544515215576948736
2,18,21,19,0.6219,0,sydneysiege,544516478821613569
0,0,1,1,0.0,0,sydneysiege,544484477930467328
11,5,41,28,0.333,0,sydneysiege,544453205682556928
1,18,19,18,-0.0414,0,sydneysiege,544303499756855297
7,13,56,22,0.4919,0,sydneysiege,544411992279093248
2,16,19,9,0.1365,0,sydneysiege,544360851646709760
5,7,17,9,0.5633,0,sydneysiege,544393165101613056
4,6,10,6,0.4534,0,sydneysiege,544367862211952641
2,17,19,12,0.0815,0,sydneysiege,544465040666288129
4,11,16,11,0.3792,0,sydneysiege,544429942323167233
7,10,39,11,0.5845,0,sydneysiege,544299029601861632
3,14,19,15,0.4557,0,sydneysiege,544494721872433152
6,10,29,14,0.6428,0,sydneysiege,544317474498703360
3,10,14,12,0.467,0,sydneysiege,544519486167330817
1,4,5,5,-0.2561,0,sydneysiege,544437156505067520
3,8,14,2,0.278,0,sydneysiege,544309497041133568
1,16,17,14,0.5442,0,sydneysiege,544296373466562560
2,17,19,19,-0.0387,0,sydneysiege,544443259804598272
2,5,7,3,0.0685,0,sydneysiege,544348392944463872
1,3,4,1,0.1258,0,sydneysiege,544482233038286848
1,17,18,3,0.2578,0,sydneysiege,544475905926524928
3,15,23,23,0.408,0,sydneysiege,544301338935312384
0,0,1,1,0.0,0,sydneysiege,544439077756755969
2,7,11,5,0.4648,0,sydneysiege,544287902079803392
3,15,19,6,0.5085,0,sydneysiege,544483951524737024
3,13,19,8,0.2151,0,sydneysiege,544465890218369024
7,8,16,10,0.0603,0,sydneysiege,544337689676636161
3,14,23,17,0.4934,0,sydneysiege,544336585052160001
2,9,11,3,0.3937,0,sydneysiege,544442448965947392
2,8,10,6,0.405,0,sydneysiege,544288856263360512
3,6,14,7,0.2983,0,sydneysiege,544462918465503233
1,6,7,2,0.0903,0,sydneysiege,544508035113439232
7,6,26,9,0.3658,0,sydneysiege,544337383215226880
6,9,20,2,0.4223,0,sydneysiege,544515671347200001
2,19,24,20,0.5143,0,sydneysiege,544329431998038016
3,12,19,16,0.2749,0,sydneysiege,544495155198181376
1,10,11,7,0.2058,0,sydneysiege,544508313220567041
1,6,7,7,0.0501,0,sydneysiege,544309943533600769
6,14,36,10,0.2874,0,sydneysiege,544410900854091776
0,0,1,1,0.0,0,sydneysiege,544351179044425729
1,1,2,2,0.0,0,sydneysiege,544518445870497793
15,8,31,14,0.0073,0,sydneysiege,544443154964152320
9,6,22,22,-0.0083,0,sydneysiege,544337816298070017
3,19,35,21,0.6394,0,sydneysiege,544298663061643264
2,9,11,7,0.2333,0,sydneysiege,544295871592951808
1,14,15,15,0.2644,0,sydneysiege,544401367540834304
5,18,24,20,0.2507,0,sydneysiege,544427543336464384
3,19,22,22,0.3556,0,sydneysiege,544308888628387840
2,15,17,16,0.0466,0,sydneysiege,544327278469988352
4,10,16,13,0.3927,0,sydneysiege,544294618758520832
17,13,71,24,0.652,0,sydneysiege,544340812448804864
0,0,1,1,0.0,0,sydneysiege,544477404342018048
1,11,12,3,0.2184,0,sydneysiege,544325938826076161
3,10,15,11,0.2595,0,sydneysiege,544319450569134081
13,16,61,8,0.6542,0,sydneysiege,544508725420380160
9,4,21,7,0.5418,0,sydneysiege,544435030127161344
1,18,19,19,0.1318,0,sydneysiege,544520379176599552
4,14,19,6,0.4898,0,sydneysiege,544458083129229312
1,15,16,14,0.5666,0,sydneysiege,544450560460480512
2,15,21,14,0.4469,0,sydneysiege,544393723099238400
1,1,2,1,0.0,0,sydneysiege,544487579048222721
11,5,26,20,0.3245,0,sydneysiege,544520434767503361
5,17,24,12,0.2951,0,sydneysiege,544380441210277888
4,5,13,2,-0.0118,0,sydneysiege,544415156659175424
3,17,24,10,0.3369,0,sydneysiege,544366723067957249
7,17,35,7,0.4188,0,sydneysiege,544290967369428992
1,15,16,10,0.1488,0,sydneysiege,544363222296297473
7,17,25,18,0.5532,0,sydneysiege,544480083982168064
2,18,22,20,0.4942,0,sydneysiege,544310691600302080
0,0,1,1,0.0,0,sydneysiege,544433367765110784
4,13,17,12,0.4643,0,sydneysiege,544331022104395777
2,14,16,5,0.2382,0,sydneysiege,544504954334224384
5,11,20,4,0.5398,0,sydneysiege,544313008642461697
5,11,20,15,0.3341,0,sydneysiege,544323358327070720
4,12,16,1,0.4683,0,sydneysiege,544427042616254465
2,2,4,4,-0.1434,0,sydneysiege,544516164333080577
2,5,7,6,0.1667,0,sydneysiege,544520615441756162
2,10,12,10,0.1049,0,sydneysiege,544409400941625344
2,16,18,12,0.5005,0,sydneysiege,544497191155290112
5,4,10,2,0.4088,0,sydneysiege,544411561205301248
5,10,36,13,0.5205,0,sydneysiege,544466903364673536
2,14,17,13,0.3033,0,sydneysiege,544332519861022720
9,9,42,26,0.6244,0,sydneysiege,544416939867529216
1,17,18,17,0.3785,0,sydneysiege,544308031446872065
0,0,1,1,0.0,0,sydneysiege,544467822168920064
2,13,15,8,0.2617,0,sydneysiege,544480905532669952
1,5,6,4,0.0242,0,sydneysiege,544402024524038144
2,14,17,11,0.2868,0,sydneysiege,544395613043818496
2,3,7,1,0.2092,0,sydneysiege,544423869981802496
4,7,12,7,0.088,0,sydneysiege,544464812621578243
7,11,32,22,0.6226,0,sydneysiege,544410806167678976
10,13,25,12,0.4408,0,sydneysiege,544515517546254338
2,8,10,8,0.1825,0,sydneysiege,544291966536523776
1,4,5,4,0.1871,0,sydneysiege,544443377643954176
5,10,39,3,0.5773,0,sydneysiege,544306616137293824
3,4,8,7,0.3872,0,sydneysiege,544496602262806528
4,13,20,20,-0.165,0,sydneysiege,544343625069379584
1,7,8,7,0.2265,0,sydneysiege,544503217107648513
1,9,10,5,0.4072,0,sydneysiege,544462438310375425
2,8,10,8,0.3628,0,sydneysiege,544309283048144897
5,19,32,20,0.578,0,sydneysiege,544284526684286976
2,2,4,1,0.0519,0,sydneysiege,544410895602839552
1,4,5,2,0.0384,0,sydneysiege,544428082749132800
0,0,1,1,0.0,0,sydneysiege,544414028752121856
6,15,29,18,0.6389,0,sydneysiege,544494408515608576
3,12,20,5,0.1514,0,sydneysiege,544314020539289600
2,18,23,8,0.4546,0,sydneysiege,544307589245587457
2,9,13,9,0.025,0,sydneysiege,544440749387808768
1,5,6,3,0.0352,0,sydneysiege,544293261506928640
2,18,21,18,0.1964,0,sydneysiege,544372701285351424
2,14,20,14,0.0323,0,sydneysiege,544345939054710785
1,12,13,7,0.4366,0,sydneysiege,544336572141694976
0,0,1,1,0.0,0,sydneysiege,544331918506872832
4,5,9,9,0.2018,0,sydneysiege,544337283801829376
2,19,21,16,0.2176,0,sydneysiege,544279950929321984
2,10,12,6,0.3392,0,sydneysiege,544448652886818816
3,5,8,3,0.4048,0,sydneysiege,544415816851021824
2,17,20,19,-0.0363,0,sydneysiege,544512078518968320
1,19,20,20,0.2777,0,sydneysiege,544518088117329920
1,16,17,12,0.4672,0,sydneysiege,544297247567917056
1,8,9,7,0.0709,0,sydneysiege,544316978278592512
6,12,20,10,0.2049,0,sydneysiege,544459137674125312
3,6,9,7,0.126,0,sydneysiege,544435863946416129
4,11,18,3,0.237,0,sydneysiege,544286833362747392
2,6,9,8,0.44,0,sydneysiege,544442206832963584
3,18,24,20,0.5789,0,sydneysiege,544395804190855168
1,19,20,11,0.3832,0,sydneysiege,544301961638457344
5,12,26,13,0.2072,0,sydneysiege,544323127522906112
1,2,3,2,-0.2063,0,sydneysiege,544403526773125120
19,4,65,34,0.6096,0,sydneysiege,544487672145018880
14,9,65,7,0.5336,0,sydneysiege,544452299641192448
1,6,7,5,0.1486,0,sydneysiege,544459726948286464
6,16,28,8,0.0325,0,sydneysiege,544391790615605249
1,12,13,11,0.3808,0,sydneysiege,544470398881259520
6,13,27,26,0.0137,0,sydneysiege,544419416578850818
1,9,10,9,0.4601,0,sydneysiege,544381029537312769
1,1,2,1,0.0,0,sydneysiege,544420963429797889
13,10,60,18,0.5352,0,sydneysiege,544400809182523392
1,10,11,9,0.2702,0,sydneysiege,544406665223999488
4,6,10,5,0.2333,0,sydneysiege,544292798887784449
5,11,25,23,0.4789,0,sydneysiege,544280391226761218
3,11,19,14,0.5371,0,sydneysiege,544301925735202816
16,5,60,43,0.3737,0,sydneysiege,544425492971941888
2,11,13,11,0.0924,0,sydneysiege,544518036255150080
1,4,5,5,-0.169,0,sydneysiege,544518044643770368
2,13,20,14,0.4694,0,sydneysiege,544389506569220096
1,1,2,2,0.0,0,sydneysiege,544494273924562944
2,15,18,4,0.5692,0,sydneysiege,544437117963616256
2,7,9,9,-0.0293,0,sydneysiege,544520690490417152
5,12,40,23,0.2925,0,sydneysiege,544334394912014336
3,6,10,6,0.1377,0,sydneysiege,544435176479027200
4,18,26,22,0.5411,0,sydneysiege,544503881527742464
2,18,20,18,0.12,0,sydneysiege,544404937380093952
2,6,8,4,-0.0889,0,sydneysiege,544493536771854336
2,17,21,19,0.5808,0,sydneysiege,544504859290906624
1,4,5,5,0.0427,0,sydneysiege,544365585417527296
1,18,19,19,0.3095,0,sydneysiege,544298354029506560
10,15,30,8,0.4513,0,sydneysiege,544384680376532992
2,11,18,12,0.3574,0,sydneysiege,544317139323473920
9,6,16,2,0.3185,0,sydneysiege,544426670095368192
3,19,22,21,0.174,0,sydneysiege,544408293192368128
1,3,4,2,-0.2977,0,sydneysiege,544443266926931968
1,15,16,8,0.3499,0,sydneysiege,544350803125735424
1,4,5,2,-0.0455,0,sydneysiege,544429350376861696
2,6,8,6,0.22,0,sydneysiege,544293770926120960
2,16,19,10,0.4236,0,sydneysiege,544495167836016640
5,9,26,11,0.6527,0,sydneysiege,544432946841538560
5,17,37,28,0.5714,0,sydneysiege,544419497667751937
2,18,21,11,0.315,0,sydneysiege,544404673357021184
6,8,30,18,0.1736,0,sydneysiege,544369501857263616
9,8,20,19,0.0853,0,sydneysiege,544406902990323712
15,15,72,24,0.5331,0,sydneysiege,544457324211879937
3,6,11,3,0.2621,0,sydneysiege,544415616753745920
5,19,26,20,0.5194,0,sydneysiege,544519024156360704
12,13,106,31,0.6131,0,sydneysiege,544407393451646976
5,11,30,17,0.551,0,sydneysiege,544502782267752449
1,6,7,6,0.3434,0,sydneysiege,544492465185898496
5,12,18,9,0.3276,0,sydneysiege,544519486498676736
1,18,19,18,0.0347,0,sydneysiege,544519849507307520
5,9,20,4,0.256,0,sydneysiege,544377326122057728
19,12,44,8,0.4699,0,sydneysiege,544432661419155456
2,18,20,20,0.3755,0,sydneysiege,544282250503012352
3,6,10,5,0.4486,0,sydneysiege,544494787168972800
1,8,9,4,-0.0057,0,sydneysiege,544427255439425536
19,19,134,107,0.7136,0,sydneysiege,544286688436969472
16,12,71,39,0.5122,0,sydneysiege,544282393801007104
9,9,27,12,0.4371,0,sydneysiege,544466920880492544
13,10,55,6,0.4771,0,sydneysiege,544324741239037952
2,9,11,7,0.2219,0,sydneysiege,544479045149130753
3,14,21,21,-0.0713,0,sydneysiege,544314301067304960
3,3,6,6,-0.3135,0,sydneysiege,544357264333615104
4,13,21,8,0.0949,0,sydneysiege,544513510450155520
3,14,20,20,-0.009,0,sydneysiege,544499931101548544
2,15,17,13,0.4044,0,sydneysiege,544499892010635264
1,19,20,20,0.2148,0,sydneysiege,544440498594017280
3,18,21,21,0.3517,0,sydneysiege,544472800379940864
1,5,6,2,-0.0433,0,sydneysiege,544436172999495680
9,13,67,21,0.4666,0,sydneysiege,544336736948473856
1,7,8,6,0.337,0,sydneysiege,544515781367582720
19,8,133,37,0.8048,0,sydneysiege,544399562866053120
7,14,25,24,-0.0595,0,sydneysiege,544440724192628736
5,14,24,18,0.5955,0,sydneysiege,544495737770618880
2,16,19,19,-0.0117,0,sydneysiege,544369653015801856
19,12,57,35,0.7533,0,sydneysiege,544346261365600257
2,12,16,9,0.2512,0,sydneysiege,544429514525507585
4,9,17,17,0.0402,0,sydneysiege,544292342430449664
9,6,28,12,0.1913,0,sydneysiege,544345465311879170
10,7,41,19,0.3489,0,sydneysiege,544393766287970304
3,4,9,6,0.4424,0,sydneysiege,544482745637158912
2,18,20,4,0.4103,0,sydneysiege,544402515085623296
0,0,1,1,0.0,0,sydneysiege,544477019472289792
3,6,11,8,0.3212,0,sydneysiege,544398512931086336
1,3,4,3,0.0919,0,sydneysiege,544518415952539649
5,14,24,12,0.1865,0,sydneysiege,544409869990633473
3,5,8,4,0.114,0,sydneysiege,544449039433883650
17,14,148,58,0.6435,0,sydneysiege,544401106617786370
6,12,31,5,0.5967,0,sydneysiege,544499780479893504
6,16,22,14,-0.0001,0,sydneysiege,544313592477384704
2,13,19,18,0.5961,0,sydneysiege,544284483453595648
9,18,38,16,0.1805,0,sydneysiege,544444261027299328
11,12,58,23,0.5919,0,sydneysiege,544396816083468290
0,0,1,1,0.0,0,sydneysiege,544458445764968448
2,18,21,19,0.5962,0,sydneysiege,544459886365376515
3,19,22,21,0.5813,0,sydneysiege,544410050572582912
1,1,2,2,0.0,0,sydneysiege,544436750097973250
6,5,21,14,0.4866,0,sydneysiege,544319905076903936
2,17,19,14,0.1948,0,sydneysiege,544288009747566592
2,1,3,2,-0.0011,0,sydneysiege,544288302254137345
1,5,6,5,0.2533,0,sydneysiege,544325896661114881
2,16,20,16,0.489,0,sydneysiege,544478071340806146
2,4,6,6,0.0462,0,sydneysiege,544416582256967680
4,14,24,16,0.2838,0,sydneysiege,544427333969805312
1,1,2,2,0.0,0,sydneysiege,544469768745398272
7,9,20,19,0.3193,0,sydneysiege,544319667364708352
1,16,17,11,0.5302,0,sydneysiege,544500883963518976
4,13,26,17,0.6195,0,sydneysiege,544330174351679489
4,14,23,15,-0.1349,0,sydneysiege,544476533302505472
1,5,6,5,0.2137,0,sydneysiege,544373513407062016
4,11,17,8,0.322,0,sydneysiege,544312065637097472
6,10,20,14,0.0159,0,sydneysiege,544501464849059840
4,8,21,18,0.2045,0,sydneysiege,544352649978843136
0,0,1,1,0.0,0,sydneysiege,544464445787750401
1,2,3,3,-0.8186,0,sydneysiege,544515546633355264
2,3,5,4,-0.0375,0,sydneysiege,544359670480379905
4,12,22,10,0.4917,0,sydneysiege,544313132865159169
1,1,2,2,0.0,0,sydneysiege,544281012708970497
0,0,1,1,0.0,0,sydneysiege,544492919567417344
4,14,26,10,0.4452,0,sydneysiege,544472530921480192
1,9,10,3,0.1474,0,sydneysiege,544341255174356992
7,15,27,20,0.3845,0,sydneysiege,544471218951581696
2,16,19,5,0.1427,0,sydneysiege,544383649131806722
6,19,43,41,0.7181,0,sydneysiege,544346361101963265
1,18,19,15,0.2539,0,sydneysiege,544427216516698113
1,6,7,5,0.205,0,sydneysiege,544301012492632064
3,12,19,15,0.596,0,sydneysiege,544389493273276416
1,8,9,7,0.4414,0,sydneysiege,544520795511611392
5,12,19,16,0.5481,0,sydneysiege,544513407400304640
6,10,35,30,0.6148,0,sydneysiege,544301449845305344
1,3,4,4,-0.1273,0,sydneysiege,544427938372792321
2,18,22,20,0.3466,0,sydneysiege,544484515742482432
3,15,24,3,0.3835,0,sydneysiege,544482559900393472
1,4,5,2,0.2069,0,sydneysiege,544494058287423489
3,14,22,12,0.4348,0,sydneysiege,544488899100147713
2,17,19,13,0.4407,0,sydneysiege,544290995462889472
1,6,7,4,0.3384,0,sydneysiege,544363471660277760
1,7,8,5,0.036,0,sydneysiege,544282714237448192
4,6,11,11,0.0244,0,sydneysiege,544298507868200961
4,11,23,13,0.4841,0,sydneysiege,544346107900207105
19,11,117,47,0.2441,0,sydneysiege,544317301064208384
2,5,8,4,0.254,0,sydneysiege,544323086841954304
4,12,33,22,0.5071,0,sydneysiege,544508543152304128
5,18,36,28,0.5166,0,sydneysiege,544298334354411521
1,18,19,13,-0.1829,0,sydneysiege,544389986809036800
4,17,24,21,0.2798,0,sydneysiege,544477048048082945
1,3,4,2,-0.4316,0,sydneysiege,544414634308939776
1,6,7,5,0.1485,0,sydneysiege,544457877688430593
14,14,47,42,0.3327,0,sydneysiege,544456216907636736
1,19,20,20,0.0375,0,sydneysiege,544505129810944001
2,3,5,2,0.1551,0,sydneysiege,544444189078208512
19,15,342,12,0.8047,0,sydneysiege,544332847050670080
2,7,9,4,0.2727,0,sydneysiege,544429467968339970
15,13,48,25,0.3286,0,sydneysiege,544495066258362368
1,12,13,1,0.0775,0,sydneysiege,544418204508893184
1,5,6,5,0.2866,0,sydneysiege,544514249356484608
1,4,5,1,-0.09,0,sydneysiege,544436666661085184
5,14,28,3,0.3132,0,sydneysiege,544298959993200640
18,7,53,33,0.2652,0,sydneysiege,544389911630340096
2,4,6,4,0.1325,0,sydneysiege,544520990538358784
6,12,26,9,0.4757,0,sydneysiege,544486142763347969
2,18,20,15,0.3896,0,sydneysiege,544519284740079616
5,18,31,14,0.5599,0,sydneysiege,544376469279875072
2,11,13,8,0.2689,0,sydneysiege,544506678922977280
1,8,9,5,0.2352,0,sydneysiege,544459882075017216
7,15,24,9,0.2637,0,sydneysiege,544439380329644032
1,11,12,2,-0.042,0,sydneysiege,544379787246981122
3,14,19,12,0.2774,0,sydneysiege,544519396828672000
1,9,10,6,0.3646,0,sydneysiege,544328059482939392
1,6,7,2,0.0001,0,sydneysiege,544336408144781313
7,24,66,21,0.6316,0,sydneysiege,544431559320014848
2,7,9,7,0.2591,0,sydneysiege,544444148234076160
3,15,20,10,-0.0656,0,sydneysiege,544395562666037248
2,10,13,3,-0.0777,0,sydneysiege,544374569016885248
1,6,7,7,0.0363,0,sydneysiege,544519358090084354
8,8,29,6,0.1446,0,sydneysiege,544446269968908289
4,15,29,20,0.5188,0,sydneysiege,544330052796559360
2,15,20,8,0.2842,0,sydneysiege,544420067774316544
6,8,16,16,0.0725,0,sydneysiege,544338698750664704
2,16,23,21,0.241,0,sydneysiege,544457904422531072
1,2,3,2,-0.0299,0,sydneysiege,544520586576547840
1,8,9,4,0.1095,0,sydneysiege,544425494763302913
19,7,132,26,0.69,0,sydneysiege,544460097146331136
1,13,14,12,0.3295,0,sydneysiege,544301609472122881
1,1,2,2,0.0,0,sydneysiege,544520344976232449
2,14,16,7,0.2127,0,sydneysiege,544421653128556544
2,11,13,6,0.2144,0,sydneysiege,544444661859749890
2,6,9,8,0.22,0,sydneysiege,544461231549992962
19,15,100,22,0.7359,0,sydneysiege,544521433473634304
8,13,48,24,0.6534,0,sydneysiege,544417680284192768
13,13,46,24,0.1628,0,sydneysiege,544467919003213824
3,6,10,3,-0.138,0,sydneysiege,544402012570284032
1,2,3,1,-0.3461,0,sydneysiege,544397240601563137
3,15,22,15,0.4196,0,sydneysiege,544495359800930304
1,2,3,3,-0.8559,0,sydneysiege,544364507342979072
4,5,12,5,0.2203,0,sydneysiege,544278202743402496
2,28,31,5,0.3685,0,sydneysiege,544329092100005888
1,19,20,20,-0.1263,0,sydneysiege,544301025079730176
19,12,87,10,0.5672,0,sydneysiege,544463778780557312
4,5,9,3,0.0483,0,sydneysiege,544268900351766528
2,21,25,13,0.3621,0,sydneysiege,544496648445890561
4,9,21,21,-0.0925,0,sydneysiege,544406931897479168
7,18,31,29,0.5687,0,sydneysiege,544463189447294976
14,2,20,1,0.6015,0,sydneysiege,544416436374892544
2,13,16,8,0.5319,0,sydneysiege,544520195659014145
2,17,20,7,0.5214,0,sydneysiege,544459333983948800
7,19,50,13,0.4496,0,sydneysiege,544308793623207936
3,19,25,24,0.5915,0,sydneysiege,544477834396577793
3,6,12,8,0.423,0,sydneysiege,544334431830286336
4,3,7,6,-0.0767,0,sydneysiege,544470843997564928
4,5,10,4,0.3049,0,sydneysiege,544401573968097280
7,9,18,11,0.1133,0,sydneysiege,544344684685189120
4,11,17,8,0.1912,0,sydneysiege,544474960602083328
1,14,15,10,0.0752,0,sydneysiege,544403564077260800
0,0,1,1,0.0,0,sydneysiege,544391946513305600
2,17,20,18,0.3861,0,sydneysiege,544328673097039873
1,4,5,2,0.2197,0,sydneysiege,544520888003985408
2,18,21,14,0.3684,0,sydneysiege,544403765575839744
6,14,26,16,0.5786,0,sydneysiege,544357899783655424
1,1,2,2,0.0,0,sydneysiege,544345074960584704
11,10,38,36,0.6388,0,sydneysiege,544334623023452160
2,9,11,5,0.0049,0,sydneysiege,544419008615702528
12,14,51,18,0.7129,0,sydneysiege,544296463027961856
4,11,27,9,0.0614,0,sydneysiege,544412083714928640
6,11,20,18,0.0533,0,sydneysiege,544475686740967424
1,4,5,5,-0.1092,0,sydneysiege,544516940367413248
5,13,22,9,0.4932,0,sydneysiege,544354840042680320
3,17,21,17,0.1467,0,sydneysiege,544305999994421249
18,19,72,17,0.5411,0,sydneysiege,544283374911627264
1,7,8,5,0.4028,0,sydneysiege,544473507594113024
5,13,20,20,0.0789,0,sydneysiege,544340943965409281
4,5,15,7,0.4553,0,sydneysiege,544430900235075584
1,8,9,9,0.0279,0,sydneysiege,544391471458451456
1,12,13,7,0.5003,0,sydneysiege,544401374675341312
19,16,112,37,0.7006,0,sydneysiege,544391412075069440
2,16,19,11,0.3197,0,sydneysiege,544376532161298432
19,8,38,11,0.4558,0,sydneysiege,544435685864660992
19,14,163,90,0.7523,0,sydneysiege,544317494379294721
3,7,11,10,0.0073,0,sydneysiege,544277607723048961
8,10,23,7,0.2068,0,sydneysiege,544477802255630336
4,11,35,6,0.451,0,sydneysiege,544307871853592576
1,3,4,3,0.1267,0,sydneysiege,544416937178976256
1,9,10,5,0.2578,0,sydneysiege,544474138287812608
1,2,3,2,-0.0259,0,sydneysiege,544426163964096513
1,7,8,7,0.2838,0,sydneysiege,544518707825750016
2,5,7,1,-0.0621,0,sydneysiege,544434192478519297
2,18,20,20,0.332,0,sydneysiege,544409532324413440
6,19,33,20,0.5529,0,sydneysiege,544389639046721537
1,13,14,10,0.4966,0,sydneysiege,544308490840195072
1,7,8,8,0.2486,0,sydneysiege,544519021702311936
5,17,26,14,0.6239,0,sydneysiege,544414430025371649
12,13,37,9,0.5787,0,sydneysiege,544444539092488192
3,16,20,20,0.2985,0,sydneysiege,544310222547087361
2,14,18,8,0.2342,0,sydneysiege,544439521236893696
1,7,8,4,0.0027,0,sydneysiege,544436330856329216
1,3,4,3,0.1129,0,sydneysiege,544293739221368832
10,15,49,48,0.0884,0,sydneysiege,544341369762742272
13,15,43,26,0.4365,0,sydneysiege,544308749725626368
8,5,39,2,0.6193,0,sydneysiege,544282015487787008
2,18,20,19,0.4634,0,sydneysiege,544326782334558208
18,10,65,13,0.5782,0,sydneysiege,544337761600557056
8,9,25,8,0.3037,0,sydneysiege,544420349052342272
1,10,11,2,-0.0869,0,sydneysiege,544435708299972608
12,13,52,11,0.5262,0,sydneysiege,544291853227786240
1,2,3,3,-0.1496,0,sydneysiege,544499381731622912
9,7,50,28,0.656,0,sydneysiege,544448991518130176
5,5,24,15,0.4096,0,sydneysiege,544293021995393024
2,10,12,8,0.1562,0,sydneysiege,544443959662358528
2,15,18,5,0.3057,0,sydneysiege,544518859290464256
0,0,1,1,0.0,0,sydneysiege,544430910511140865
2,18,22,20,0.5822,0,sydneysiege,544333236243947520
3,7,13,9,0.1715,0,sydneysiege,544477097016578048
4,14,22,21,0.0838,0,sydneysiege,544490976253726720
1,6,7,7,-0.1752,0,sydneysiege,544294890343915520
5,12,18,14,0.4885,0,sydneysiege,544445607717261314
1,11,12,9,0.3416,0,sydneysiege,544503425082613761
1,3,4,2,-0.01,0,sydneysiege,544279603259248640
2,18,20,20,0.0454,0,sydneysiege,544450580367024128
5,14,30,19,0.4181,0,sydneysiege,544393504768925697
11,15,30,20,0.5305,0,sydneysiege,544520949748752384
2,19,22,20,0.6196,0,sydneysiege,544520121436213248
1,7,8,3,-0.014,0,sydneysiege,544266241511133186
3,5,8,7,-0.0755,0,sydneysiege,544342743003045888
5,11,25,8,0.5662,0,sydneysiege,544442676410867712
0,0,1,1,0.0,0,sydneysiege,544413195884974080
1,4,5,4,0.2517,0,sydneysiege,544298121379852289
4,15,22,7,0.1749,0,sydneysiege,544513199375384576
2,13,15,14,0.4538,0,sydneysiege,544441034948636672
19,13,124,26,0.8162,0,sydneysiege,544353257175654400
19,8,74,33,0.742,0,sydneysiege,544280617160949760
2,11,15,7,-0.0252,0,sydneysiege,544396078125039617
2,1,3,1,-0.0322,0,sydneysiege,544437798426509312
1,19,20,17,0.3499,0,sydneysiege,544327577406410752
3,15,20,11,0.2504,0,sydneysiege,544363391641341952
1,1,2,2,0.0,0,sydneysiege,544480936960606210
3,4,9,2,-0.0185,0,sydneysiege,544450710926934017
1,3,4,4,-0.2312,0,sydneysiege,544370072018378752
0,0,1,1,0.0,0,sydneysiege,544429185255481344
11,8,24,24,-0.1561,0,sydneysiege,544335202923737089
4,15,22,20,0.5401,0,sydneysiege,544309113694740480
3,5,9,2,0.3516,0,sydneysiege,544410907204259840
19,13,69,12,0.504,0,sydneysiege,544518803225604096
2,16,23,20,0.51,0,sydneysiege,544497405237161984
5,16,22,19,0.3218,0,sydneysiege,544506628239028224
2,15,18,14,0.4038,0,sydneysiege,544343299138392065
2,10,12,12,0.0236,0,sydneysiege,544518128798294016
3,16,23,14,0.562,0,sydneysiege,544300369765859328
0,0,1,1,0.0,0,sydneysiege,544487556700598272
19,8,57,24,0.4091,0,sydneysiege,544428261602623488
2,21,23,14,0.2669,0,sydneysiege,544365039663083521
2,10,12,9,0.472,0,sydneysiege,544500288183607296
19,12,92,8,0.4632,0,sydneysiege,544338676835041280
6,8,29,16,0.4755,0,sydneysiege,544422134127525888
1,2,3,1,-0.1115,0,sydneysiege,544285213891629056
7,9,25,23,0.32,0,sydneysiege,544312118497914880
1,7,8,5,0.1911,0,sydneysiege,544369229987078145
4,13,21,20,0.574,0,sydneysiege,544438499642847232
1,9,10,9,0.1804,0,sydneysiege,544280929154637825
3,17,21,21,0.2954,0,sydneysiege,544519083300241408
4,8,22,8,0.6172,0,sydneysiege,544458558432350208
3,15,20,17,0.6047,0,sydneysiege,544500527720325120
5,13,32,12,0.5606,0,sydneysiege,544403112656527360
1,3,4,3,0.0508,0,sydneysiege,544419029905985536
4,3,7,7,-0.1544,0,sydneysiege,544504889746149377
3,17,21,8,0.4975,0,sydneysiege,544447757860483072
2,11,13,9,0.3186,0,sydneysiege,544410079043551232
8,11,48,8,0.3056,0,sydneysiege,544449562552045568
19,3,58,2,0.7302,0,sydneysiege,544387390752567297
19,4,55,28,0.3597,0,sydneysiege,544399649025433601
2,13,16,10,0.2193,0,sydneysiege,544321631976296449
2,9,12,10,0.4646,0,sydneysiege,544293069957259264
2,13,16,11,0.4341,0,sydneysiege,544392801836728321
5,10,18,5,0.3363,0,sydneysiege,544340578528272385
7,9,23,2,0.2232,0,sydneysiege,544386515171020801
1,19,20,20,0.1095,0,sydneysiege,544519577733173248
1,3,4,2,-0.0617,0,sydneysiege,544287332061298688
5,33,48,21,0.6751,0,sydneysiege,544338622422335489
5,9,16,4,-0.0089,0,sydneysiege,544463201875025921
3,14,19,6,0.3118,0,sydneysiege,544414686935285760
11,14,31,26,0.4264,0,sydneysiege,544461947882586112
3,6,11,6,0.3122,0,sydneysiege,544475892685099008
1,14,15,12,0.3578,0,sydneysiege,544458427263512576
3,13,20,5,0.2151,0,sydneysiege,544438309267578880
4,20,37,21,0.6749,0,sydneysiege,544469609433563136
1,18,19,19,-0.2436,0,sydneysiege,544518696463765505
19,7,46,5,0.0533,0,sydneysiege,544434450918932480
2,7,10,2,0.1997,0,sydneysiege,544421245698056194
3,24,33,9,0.3065,0,sydneysiege,544452969702236161
2,9,11,7,0.2458,0,sydneysiege,544390718253699072
2,14,17,7,0.4479,0,sydneysiege,544416309266898944
8,8,32,10,0.0765,0,sydneysiege,544416818711252992
3,12,18,10,0.4254,0,sydneysiege,544394858405060608
17,8,116,38,0.7665,0,sydneysiege,544299916252573698
1,1,2,2,0.0,0,sydneysiege,544419162001383424
4,15,20,19,0.5089,0,sydneysiege,544506443626741762
1,6,7,6,0.0967,0,sydneysiege,544305672372772865
2,7,9,4,-0.176,0,sydneysiege,544484918567239681
2,18,20,3,0.3249,0,sydneysiege,544470979842281472
5,13,20,8,0.4219,0,sydneysiege,544465862942797825
1,19,20,20,0.1873,0,sydneysiege,544464731449196544
1,19,20,20,0.13,0,sydneysiege,544382795099799553
2,7,9,7,0.185,0,sydneysiege,544474153646956547
6,14,23,23,-0.0573,0,sydneysiege,544314464569675776
0,0,1,1,0.0,0,sydneysiege,544476597512699904
4,10,19,19,-0.0853,0,sydneysiege,544519480018489344
1,5,6,6,-0.0355,0,sydneysiege,544516240572940289
9,10,27,25,0.6379,0,sydneysiege,544360342995099648
4,13,17,15,0.2707,0,sydneysiege,544494652418949120
5,16,37,27,0.6475,0,sydneysiege,544467299218886656
2,18,20,20,0.252,0,sydneysiege,544390550497947649
7,12,49,36,0.5895,0,sydneysiege,544328351939186689
5,16,21,11,0.1413,0,sydneysiege,544420376424353792
13,15,76,25,0.4877,0,sydneysiege,544379143136497664
2,18,21,19,0.1931,0,sydneysiege,544421207115051008
2,11,13,9,0.3388,0,sydneysiege,544432190281359360
19,11,92,38,0.465,0,sydneysiege,544515174376701952
2,2,4,4,-0.2034,0,sydneysiege,544521260840267776
1,4,5,5,-0.0831,0,sydneysiege,544314810884562946
3,9,12,10,0.0135,0,sydneysiege,544311814649942016
10,5,16,1,0.2933,0,sydneysiege,544516739178827776
2,9,11,7,0.0139,0,sydneysiege,544274797640044544
3,9,13,2,0.2811,0,sydneysiege,544362543997665280
10,6,43,34,0.6428,0,sydneysiege,544348632980676608
3,11,17,12,0.3369,0,sydneysiege,544427133398175744
2,11,13,12,0.4756,0,sydneysiege,544519298015039489
2,14,17,11,0.3537,0,sydneysiege,544515489016594432
1,10,11,8,0.2398,0,sydneysiege,544308156625481728
1,9,10,7,0.1125,0,sydneysiege,544348695076954114
11,9,27,22,0.4502,0,sydneysiege,544515971637968898
6,14,20,11,0.092,0,sydneysiege,544499449645768706
5,10,27,10,0.4702,0,sydneysiege,544451041396531200
5,16,21,15,0.3224,0,sydneysiege,544384467809230848
2,16,20,17,0.5959,0,sydneysiege,544516142983684097
6,9,26,19,0.5165,0,sydneysiege,544427461136502784
2,4,6,3,0.2449,0,sydneysiege,544396587192311808
9,13,24,8,0.3256,0,sydneysiege,544437375003131904
2,18,20,7,0.267,0,sydneysiege,544384839906906113
2,17,19,19,-0.005,0,sydneysiege,544458458527834112
15,6,54,2,0.4737,0,sydneysiege,544296465619619840
0,0,1,1,0.0,0,sydneysiege,544486187478433793
1,3,4,2,-0.291,0,sydneysiege,544295960449265664
1,2,3,1,-0.1846,0,sydneysiege,544297331906973696
11,4,22,2,0.2338,0,sydneysiege,544391323214573568
1,9,10,7,0.1311,0,sydneysiege,544466608450580481
2,9,13,11,0.3601,0,sydneysiege,544280650455728129
6,17,25,18,0.6382,0,sydneysiege,544444021066563584
1,3,4,1,-0.4246,0,sydneysiege,544434964985421824
1,9,10,10,0.0573,0,sydneysiege,544286724831318017
0,0,1,1,0.0,0,sydneysiege,544373945206460416
8,9,21,9,0.4716,0,sydneysiege,544378232624410624
2,13,17,11,0.3986,0,sydneysiege,544334612718055424
1,8,9,8,0.3921,0,sydneysiege,544401029211496449
7,14,23,22,0.5815,0,sydneysiege,544347292493705216
1,5,6,5,0.0639,0,sydneysiege,544336432609775618
2,15,18,12,0.2566,0,sydneysiege,544284599996526592
1,9,10,7,0.1171,0,sydneysiege,544309893969092608
2,6,8,4,0.0029,0,sydneysiege,544306118273794048
7,6,14,6,0.1602,0,sydneysiege,544376073685712896
15,12,41,10,0.317,0,sydneysiege,544412767240085504
5,24,45,29,0.6414,0,sydneysiege,544495975083941889
2,17,19,14,0.3031,0,sydneysiege,544509652390924290
4,17,27,7,0.2017,0,sydneysiege,544455530756841474
11,10,34,14,0.5186,0,sydneysiege,544468997916614656
4,14,26,18,0.4643,0,sydneysiege,544329251487756288
4,11,57,32,0.489,0,sydneysiege,544510784366080000
2,15,19,10,0.4291,0,sydneysiege,544462911729455104
1,1,2,2,0.0,0,sydneysiege,544472595140063232
9,12,24,10,0.2409,0,sydneysiege,544514988078280704
5,19,30,16,0.6407,0,sydneysiege,544388259359387648
6,13,33,16,0.1346,0,sydneysiege,544439832466817024
1,9,10,9,0.1791,0,sydneysiege,544511391349354496
14,9,47,12,0.5546,0,sydneysiege,544463701030354944
8,8,22,11,0.5948,0,sydneysiege,544300256981430272
1,13,14,12,0.4883,0,sydneysiege,544515665319976960
2,11,13,5,0.0698,0,sydneysiege,544404072179060736
1,13,14,5,0.2327,0,sydneysiege,544489539348471808
8,11,23,18,0.5326,0,sydneysiege,544275574642835456
3,13,24,11,0.506,0,sydneysiege,544512867144192000
5,8,14,12,0.3478,0,sydneysiege,544512465099587584
1,19,20,12,0.3477,0,sydneysiege,544309096351268864
9,5,18,11,0.0152,0,sydneysiege,544482664515121153
9,19,44,20,0.6493,0,sydneysiege,544349773676179456
4,15,20,3,0.3207,0,sydneysiege,544406288231174144
1,3,4,3,0.1483,0,sydneysiege,544521880661950464
1,4,5,5,0.0887,0,sydneysiege,544444409769512960
1,17,18,18,-0.1646,0,sydneysiege,544521788777304064
1,2,3,2,-0.1154,0,sydneysiege,544436279442546688
10,11,32,15,0.3266,0,sydneysiege,544406832073416704
5,11,20,19,0.092,0,sydneysiege,544398776236904448
7,7,21,18,0.5151,0,sydneysiege,544505447911149569
1,12,13,12,0.4773,0,sydneysiege,544396608704901120
1,6,7,6,0.1842,0,sydneysiege,544311959483473920
6,10,23,20,0.5691,0,sydneysiege,544392353717317632
1,19,20,17,0.448,0,sydneysiege,544316684736028673
16,12,35,21,0.6609,0,sydneysiege,544406212461473792
2,6,8,5,0.14,0,sydneysiege,544388092552294400
4,15,19,15,-0.2161,0,sydneysiege,544368246271406080
4,8,13,6,0.4129,0,sydneysiege,544438653410639872
1,16,17,7,0.4139,0,sydneysiege,544467710923395073
13,20,49,10,0.4885,0,sydneysiege,544425457471725568
1,6,7,5,0.1649,0,sydneysiege,544453251068743681
1,17,18,16,0.3968,0,sydneysiege,544415425140776961
2,10,13,11,0.4733,0,sydneysiege,544332610097676288
1,19,20,1,0.6184,0,sydneysiege,544426421331169280
4,14,29,24,0.5125,0,sydneysiege,544451052679204864
1,9,10,4,0.2261,0,sydneysiege,544387669766451200
4,13,25,12,0.4075,0,sydneysiege,544468178961592321
5,15,39,29,0.398,0,sydneysiege,544355987608444929
2,16,18,7,0.1441,0,sydneysiege,544464695646617600
5,6,16,4,0.2348,0,sydneysiege,544321311250468865
2,2,4,1,-0.1019,0,sydneysiege,544400801083686912
3,14,21,13,0.6112,0,sydneysiege,544308188909027328
2,4,6,3,0.1621,0,sydneysiege,544309956250320897
1,4,5,3,0.0022,0,sydneysiege,544447768354639872
3,17,24,18,0.0921,0,sydneysiege,544420375224791040
2,11,13,9,0.2252,0,sydneysiege,544306732475105283
0,0,1,1,0.0,0,sydneysiege,544310849784274945
3,9,13,3,0.2681,0,sydneysiege,544330542871633920
1,15,16,10,0.546,0,sydneysiege,544518583112314880
9,9,27,1,0.393,0,sydneysiege,544354418938740736
0,0,1,1,0.0,0,sydneysiege,544295667112230912
5,9,27,18,0.637,0,sydneysiege,544428943080951808
4,16,27,19,0.0365,0,sydneysiege,544316046379716608
3,6,9,2,0.0346,0,sydneysiege,544435023282470912
2,13,15,10,0.2988,0,sydneysiege,544350087020019712
19,10,30,5,0.2714,0,sydneysiege,544419788739461121
1,19,20,13,0.3637,0,sydneysiege,544293177596067840
4,12,24,20,0.275,0,sydneysiege,544305859904286720
8,17,37,22,0.5905,0,sydneysiege,544408991649251329
3,15,20,18,0.3307,0,sydneysiege,544515072203444224
3,15,20,8,0.2629,0,sydneysiege,544369574842347520
0,0,1,1,0.0,0,sydneysiege,544495240640757760
4,5,10,7,0.2897,0,sydneysiege,544434475807936512
5,13,24,9,0.527,0,sydneysiege,544330861680664576
10,7,34,12,0.5363,0,sydneysiege,544517500118249472
4,8,12,6,0.0689,0,sydneysiege,544462825952133121
1,8,9,5,0.1899,0,sydneysiege,544476492281827328
2,16,18,3,0.3937,0,sydneysiege,544478625383608320
3,18,21,20,0.4673,0,sydneysiege,544497137221136384
6,3,20,10,0.4523,0,sydneysiege,544461661055098881
1,7,8,6,0.213,0,sydneysiege,544442068639416320
1,7,8,7,0.1195,0,sydneysiege,544514782456729600
1,4,5,3,0.0522,0,sydneysiege,544319395619958784
5,12,17,3,-0.0032,0,sydneysiege,544452087468150784
10,8,67,3,0.4401,0,sydneysiege,544487291465392128
2,16,19,19,0.095,0,sydneysiege,544455370476109824
2,7,10,4,0.4125,0,sydneysiege,544331094523662337
1,4,5,2,-0.0394,0,sydneysiege,544417650680823808
2,5,11,4,-0.0934,0,sydneysiege,544293716140126208
1,11,12,7,0.1617,0,sydneysiege,544450135988899840
19,17,107,23,0.5851,0,sydneysiege,544305018439204864
5,13,19,3,0.3091,0,sydneysiege,544357935439417345
3,5,8,4,0.1194,0,sydneysiege,544389259491172353
14,5,52,24,0.648,0,sydneysiege,544329896529760256
1,18,19,14,0.0854,0,sydneysiege,544517721757847552
3,13,16,11,0.5628,0,sydneysiege,544492614838673408
2,1,3,3,-0.0014,0,sydneysiege,544341124614459393
